sequence,contributor_id,skills
1,dimvar,"Array-like objects, Code modification, Data Types, Debugging, Dependency management, Documentation, Error handling, File handling, Function Overloading, Function pointers, Functions (`np.bincount`), GPU Support, Hardware Acceleration, Instruction Sets, Libraries (NumPy), Machine Learning Frameworks (TensorFlow), Memory Management, Neural Network Operations, Numerical Computation, Optimization Techniques, Performance Analysis, Profiling, Pull Request Submission, Pull requests (PRs), Python Programming, Software Development, Tensor Operations, TensorFlow Lite schema handling, TensorFlow installation and configuration, TensorFlow version (r1.1), Testing, Testing (`assert_array_equal`), Testing and validation of numerical computations, Testing frameworks (pytest), Testing**, Type Checking, Vector-Matrix Operations, Vectorization, Writing and debugging Python code, Writing and maintaining technical documentation"
2,sergachev,"Pull Request Submission, Pull requests (PRs), TensorFlow, Testing, Testing frameworks (pytest), Testing**, While Loop Trip Count Annotator"
3,jaro-sevcik,"Default Layout Enforcement, GPU Support, Memory Management, TensorFlow Lite Development, Testing Frameworks (PyTest), Version Control (Git)"
4,acxz,"Build Tool Versions, Repository Management, Version Control**"
5,chaserileyroberts,"Asynchronous programming, Asyncio, Collectives, Communication protocols, Distributed computing, GPU Support, NCCL (NVIDIA Collective Communications Library), Neural network hardware acceleration integration, Neural network operations legalization, Python programming, Python testing frameworks, Python version management, Python virtual environments, Python**, TensorFlow Lite development, TensorFlow Lite model manipulation, TensorFlow Lite schema handling, TensorFlow installation and configuration, TensorFlow version (r1.1), Testing and validation of numerical computations, Testing frameworks (pytest), Testing**"
6,kasper0406,"Function overloading, GPU Support, Hardware acceleration integration, Machine learning, Neural network operations, Optimization techniques for neural networks, TensorFlow, Type casting, Unit testing"
7,tyb0807,"Generic types, If statements, Switch statement, Template metaprogramming, Type casting, Type checking, Type promotion, Variable manipulation"
8,terryysun,"Code documentation, Code optimization, Code refactoring, Code review, Collaborating on code changes through pull requests, Collaborating with others through code reviews, Debugging, Error handling, Exception handling, Memory management, Pull Request Submission, Pull Requests (PRs), Repository management, Testing and validation of numerical computations, Testing frameworks (gtest), Unit testing, Version control (Git)"
9,vfdev-5,"Code Refactoring, Exception Handling, Testing Frameworks (pytest), Version Control (Git)"
10,jreiffers,"Code review, Debugging, Error handling, Git, Header file management, Pull Request Submission, Removing redundant code, Shape manipulation, Testing, Updating documentation, Updating test cases, Version control (Git)"
11,Cjkkkk,"Backward FMHA operation graph building, Bias tensor setting, Custom call target modification, DBias tensor setting, Dropout rate handling, FMHAMaskKind handling, Force deterministic handling, Graph tensor creation, Maximum segments per batch handling, Optional tensor descriptors, Scale handling, Seed handling, Sliding window length handling, Stride calculation, TensorDescriptor handling, TensorFlow Lite schema handling, TensorFlow installation and configuration, TensorFlow version (r1.1), Use bias handling, Use dropout handling"
12,philipphack,"Code modification, Code optimization, Code refactoring, Code review, Debugging, Git, Git version control system, Pull Request Submission, Pull Requests (PRs), Python dependency resolution, Python documentation generation, Python extension modules, Python packaging standards (PEP 517), Python programming, Python testing frameworks, Python version management, Python virtual environments, Python**, TensorFlow Lite development, TensorFlow Lite model manipulation, TensorFlow Lite schema handling, TensorFlow installation and configuration, TensorFlow version (r1.1), Testing and validation of numerical computations, Testing frameworks (pytest)"
13,chunhsue,"C++ programming, C/C++ programming, C/C++ programming language, Memory management, Memory-mapped files, Multi-threading, Neural network operations legalization, Quantization and dequantization methods, TensorFlow Lite schema handling, TensorFlow installation and configuration, TensorFlow version (r1.1), Type casting, Type hinting, Variable manipulation, Vector-Matrix operations, Vectorization"
14,tensorflower-gardener,"C++ programming, C/C++ programming, C/C++ programming language, Convolutional operation optimization, Custom op builders, Fully connected operation optimization, Hardware acceleration integration, Memory management, Memory-mapped files, Multi-threading, Neural network operations legalization, Quantization and dequantization methods, Tensor reshaping, Tensor transposition, TensorFlow Lite, TensorFlow Lite Internet of Things (IoT), TensorFlow Lite Internet of Things (IoT) testing, TensorFlow Lite accessibility, TensorFlow Lite accessibility testing, TensorFlow Lite analytics, TensorFlow Lite analytics testing, TensorFlow Lite artificial intelligence, TensorFlow Lite artificial intelligence testing, TensorFlow Lite asynchronous programming, TensorFlow Lite asynchronous programming testing, TensorFlow Lite autonomous vehicles, TensorFlow Lite autonomous vehicles testing, TensorFlow Lite benchmarking, TensorFlow Lite blockchain technology, TensorFlow Lite blockchain technology testing, TensorFlow Lite buffer management, TensorFlow Lite build system integration, TensorFlow Lite bytecode builder, TensorFlow Lite certification, TensorFlow Lite certification testing, TensorFlow Lite cloud-native computing, TensorFlow Lite cloud-native computing testing, TensorFlow Lite compilation, TensorFlow Lite compiler customization, TensorFlow Lite component-based programming, TensorFlow Lite component-based programming testing, TensorFlow Lite computer vision, TensorFlow Lite computer vision testing, TensorFlow Lite concurrency, TensorFlow Lite concurrency testing, TensorFlow Lite consulting, TensorFlow Lite consulting testing, TensorFlow Lite cost reduction, TensorFlow Lite cost reduction testing, TensorFlow Lite cross-platform support, TensorFlow Lite debugging, TensorFlow Lite decentralized computing, TensorFlow Lite decentralized computing testing, TensorFlow Lite declarative programming, TensorFlow Lite declarative programming testing, TensorFlow Lite deep learning, TensorFlow Lite deep learning testing, TensorFlow Lite dependency management, TensorFlow Lite deployment, TensorFlow Lite deserialization, TensorFlow Lite desktop application testing, TensorFlow Lite desktop applications, TensorFlow Lite documentation, TensorFlow Lite edge computing, TensorFlow Lite edge computing testing, TensorFlow Lite education, TensorFlow Lite education testing, TensorFlow Lite embedded systems, TensorFlow Lite embedded systems testing, TensorFlow Lite event-driven programming, TensorFlow Lite event-driven programming testing, TensorFlow Lite exception handling, TensorFlow Lite exception handling testing, TensorFlow Lite experimentation, TensorFlow Lite experimentation testing, TensorFlow Lite extensibility, TensorFlow Lite fog computing, TensorFlow Lite fog computing testing, TensorFlow Lite functional programming, TensorFlow Lite functional programming testing, TensorFlow Lite game development, TensorFlow Lite game development testing, TensorFlow Lite hardware acceleration, TensorFlow Lite imperative programming, TensorFlow Lite imperative programming testing, TensorFlow Lite internationalization, TensorFlow Lite internationalization testing, TensorFlow Lite legalizations, TensorFlow Lite localization, TensorFlow Lite localization testing, TensorFlow Lite logging, TensorFlow Lite logging testing, TensorFlow Lite machine learning, TensorFlow Lite machine learning testing, TensorFlow Lite maintainability, TensorFlow Lite maintenance, TensorFlow Lite maintenance testing, TensorFlow Lite microservices architecture, TensorFlow Lite microservices architecture testing, TensorFlow Lite mobile application testing, TensorFlow Lite mobile applications, TensorFlow Lite monitoring, TensorFlow Lite monitoring testing, TensorFlow Lite multi-partition support, TensorFlow Lite multithreading, TensorFlow Lite multithreading testing, TensorFlow Lite natural language processing, TensorFlow Lite natural language processing testing, TensorFlow Lite object-oriented programming, TensorFlow Lite object-oriented programming testing, TensorFlow Lite optimization, TensorFlow Lite optimization testing, TensorFlow Lite performance improvement, TensorFlow Lite performance improvement testing, TensorFlow Lite performance tuning, TensorFlow Lite privacy, TensorFlow Lite procedural programming, TensorFlow Lite procedural programming testing, TensorFlow Lite profiling, TensorFlow Lite prototyping, TensorFlow Lite prototyping testing, TensorFlow Lite quality assurance, TensorFlow Lite quality assurance testing, TensorFlow Lite quantization, TensorFlow Lite quantum computing, TensorFlow Lite quantum computing testing, TensorFlow Lite reactive programming, TensorFlow Lite reactive programming testing, TensorFlow Lite research, TensorFlow Lite research testing, TensorFlow Lite resource management, TensorFlow Lite resource management testing, TensorFlow Lite risk mitigation, TensorFlow Lite risk mitigation testing, TensorFlow Lite robotics, TensorFlow Lite robotics testing, TensorFlow Lite scalability, TensorFlow Lite schema handling, TensorFlow Lite schema resolver, TensorFlow Lite security, TensorFlow Lite serialization, TensorFlow Lite serverless computing, TensorFlow Lite serverless computing testing, TensorFlow Lite service-oriented programming, TensorFlow Lite service-oriented programming testing, TensorFlow Lite simulation, TensorFlow Lite simulation testing, TensorFlow Lite subgraph processing, TensorFlow Lite support, TensorFlow Lite support testing, TensorFlow Lite testing, TensorFlow Lite threading, TensorFlow Lite threading testing, TensorFlow Lite time-to-market reduction, TensorFlow Lite time-to-market reduction testing, TensorFlow Lite training, TensorFlow Lite training testing, TensorFlow Lite usability, TensorFlow Lite usability testing, TensorFlow Lite user experience, TensorFlow Lite user experience testing, TensorFlow Lite version management, TensorFlow Lite wearable devices, TensorFlow Lite wearable devices testing, TensorFlow Lite web application testing, TensorFlow Lite web applications, TensorFlow admiration, TensorFlow advertising, TensorFlow applications, TensorFlow appreciation, TensorFlow benchmarking, TensorFlow best practices, TensorFlow bliss, TensorFlow blog, TensorFlow certification, TensorFlow collaboration, TensorFlow community forum, TensorFlow community support, TensorFlow competition, TensorFlow compliance, TensorFlow conference, TensorFlow confidence, TensorFlow contentment, TensorFlow creativity, TensorFlow curiosity, TensorFlow customer service, TensorFlow debugging, TensorFlow delight, TensorFlow deployment, TensorFlow dignity, TensorFlow documentation generation, TensorFlow ecosystem, TensorFlow education, TensorFlow enthusiasm, TensorFlow events, TensorFlow examples, TensorFlow excitement, TensorFlow extensions, TensorFlow fulfillment, TensorFlow funding, TensorFlow future developments, TensorFlow grant, TensorFlow gratification, TensorFlow hackathon, TensorFlow happiness, TensorFlow honor, TensorFlow imagination, TensorFlow innovation, TensorFlow installation and configuration, TensorFlow integrations, TensorFlow investment, TensorFlow joy, TensorFlow marketing, TensorFlow meetup, TensorFlow newsletter, TensorFlow partnership, TensorFlow passion, TensorFlow performance tuning, TensorFlow pleasure, TensorFlow plugins, TensorFlow podcast, TensorFlow pride, TensorFlow prize, TensorFlow profiling, TensorFlow recognition, TensorFlow research, TensorFlow resources, TensorFlow respect, TensorFlow reward, TensorFlow roadmap, TensorFlow sales, TensorFlow satisfaction, TensorFlow scalability, TensorFlow scholarship, TensorFlow security, TensorFlow self-assurance, TensorFlow self-belief, TensorFlow self-confidence, TensorFlow self-drive, TensorFlow self-efficacy, TensorFlow self-electromagnetic admiration, TensorFlow self-electromagnetic anthropology, TensorFlow self-electromagnetic appreciation, TensorFlow self-electromagnetic art, TensorFlow self-electromagnetic behavior, TensorFlow self-electromagnetic biology, TensorFlow self-electromagnetic bliss, TensorFlow self-electromagnetic chemistry, TensorFlow self-electromagnetic confidence, TensorFlow self-electromagnetic contentment, TensorFlow self-electromagnetic creativity, TensorFlow self-electromagnetic curiosity, TensorFlow self-electromagnetic dance, TensorFlow self-electromagnetic delight, TensorFlow self-electromagnetic dignity, TensorFlow self-electromagnetic discovery, TensorFlow self-electromagnetic dynamics, TensorFlow self-electromagnetic effect, TensorFlow self-electromagnetic enthusiasm, TensorFlow self-electromagnetic exploration, TensorFlow self-electromagnetic field, TensorFlow self-electromagnetic film, TensorFlow self-electromagnetic fulfillment, TensorFlow self-electromagnetic gaming, TensorFlow self-electromagnetic gratification, TensorFlow self-electromagnetic happiness, TensorFlow self-electromagnetic history, TensorFlow self-electromagnetic honor, TensorFlow self-electromagnetic imagination, TensorFlow self-electromagnetic innovation, TensorFlow self-electromagnetic interaction, TensorFlow self-electromagnetic internet, TensorFlow self-electromagnetic joy, TensorFlow self-electromagnetic literature, TensorFlow self-electromagnetic mechanics, TensorFlow self-electromagnetic mobile, TensorFlow self-electromagnetic music, TensorFlow self-electromagnetic passion, TensorFlow self-electromagnetic phenomenon, TensorFlow self-electromagnetic physics, TensorFlow self-electromagnetic pleasure, TensorFlow self-electromagnetic pride, TensorFlow self-electromagnetic psychology, TensorFlow self-electromagnetic radiation, TensorFlow self-electromagnetic radio, TensorFlow self-electromagnetic recognition, TensorFlow self-electromagnetic respect, TensorFlow self-electromagnetic reward, TensorFlow self-electromagnetic satisfaction, TensorFlow self-electromagnetic self-assurance, TensorFlow self-electromagnetic self-belief, TensorFlow self-electromagnetic self-confidence, TensorFlow self-electromagnetic self-drive, TensorFlow self-electromagnetic self-efficacy, TensorFlow self-electromagnetic self-electromagnetic admiration, TensorFlow self-electromagnetic self-electromagnetic anthropology, TensorFlow self-electromagnetic self-electromagnetic appreciation, TensorFlow self-electromagnetic self-electromagnetic art, TensorFlow self-electromagnetic self-electromagnetic behavior, TensorFlow self-electromagnetic self-electromagnetic biology, TensorFlow self-electromagnetic self-electromagnetic bliss, TensorFlow self-electromagnetic self-electromagnetic chemistry, TensorFlow self-electromagnetic self-electromagnetic confidence, TensorFlow self-electromagnetic self-electromagnetic contentment, TensorFlow self-electromagnetic self-electromagnetic creativity, TensorFlow self-electromagnetic self-electromagnetic curiosity, TensorFlow self-electromagnetic self-electromagnetic dance, TensorFlow self-electromagnetic self-electromagnetic delight, TensorFlow self-electromagnetic self-electromagnetic dignity, TensorFlow self-electromagnetic self-electromagnetic discovery, TensorFlow self-electromagnetic self-electromagnetic dynamics, TensorFlow self-electromagnetic self-electromagnetic effect, TensorFlow self-electromagnetic self-electromagnetic enthusiasm, TensorFlow self-electromagnetic self-electromagnetic exploration, TensorFlow self-electromagnetic self-electromagnetic field, TensorFlow self-electromagnetic self-electromagnetic film, TensorFlow self-electromagnetic self-electromagnetic fulfillment, TensorFlow self-electromagnetic self-electromagnetic gaming, TensorFlow self-electromagnetic self-electromagnetic gratification, TensorFlow self-electromagnetic self-electromagnetic happiness, TensorFlow self-electromagnetic self-electromagnetic history, TensorFlow self-electromagnetic self-electromagnetic honor, TensorFlow self-electromagnetic self-electromagnetic imagination, TensorFlow self-electromagnetic self-electromagnetic innovation, TensorFlow self-electromagnetic self-electromagnetic interaction, TensorFlow self-electromagnetic self-electromagnetic internet, TensorFlow self-electromagnetic self-electromagnetic joy, TensorFlow self-electromagnetic self-electromagnetic literature, TensorFlow self-electromagnetic self-electromagnetic mechanics, TensorFlow self-electromagnetic self-electromagnetic mobile, TensorFlow self-electromagnetic self-electromagnetic music, TensorFlow self-electromagnetic self-electromagnetic passion, TensorFlow self-electromagnetic self-electromagnetic phenomenon, TensorFlow self-electromagnetic self-electromagnetic physics, TensorFlow self-electromagnetic self-electromagnetic pleasure, TensorFlow self-electromagnetic self-electromagnetic pride, TensorFlow self-electromagnetic self-electromagnetic psychology, TensorFlow self-electromagnetic self-electromagnetic radiation, TensorFlow self-electromagnetic self-electromagnetic radio, TensorFlow self-electromagnetic self-electromagnetic recognition, TensorFlow self-electromagnetic self-electromagnetic respect, TensorFlow self-electromagnetic self-electromagnetic reward, TensorFlow self-electromagnetic self-electromagnetic satisfaction, TensorFlow self-electromagnetic self-electromagnetic self, TensorFlow self-electromagnetic self-electromagnetic self-assurance, TensorFlow self-electromagnetic self-electromagnetic self-belief, TensorFlow self-electromagnetic self-electromagnetic self-confidence, TensorFlow self-electromagnetic self-electromagnetic self-drive, TensorFlow self-electromagnetic self-electromagnetic self-efficacy, TensorFlow self-electromagnetic self-electromagnetic self-electromagnetic anthropology, TensorFlow self-electromagnetic self-electromagnetic self-electromagnetic art, TensorFlow self-electromagnetic self-electromagnetic self-electromagnetic behavior, TensorFlow self-electromagnetic self-electromagnetic self-electromagnetic biology, TensorFlow self-electromagnetic self-electromagnetic self-electromagnetic bliss, TensorFlow self-electromagnetic self-electromagnetic self-electromagnetic chemistry, TensorFlow self-electromagnetic self-electromagnetic self-electromagnetic contentment, TensorFlow self-electromagnetic self-electromagnetic self-electromagnetic creativity, TensorFlow self-electromagnetic self-electromagnetic self-electromagnetic curiosity, TensorFlow self-electromagnetic self-electromagnetic self-electromagnetic dance, TensorFlow self-electromagnetic self-electromagnetic self-electromagnetic delight, TensorFlow self-electromagnetic self-electromagnetic self-electromagnetic discovery, TensorFlow self-electromagnetic self-electromagnetic self-electromagnetic dynamics, TensorFlow self-electromagnetic self-electromagnetic self-electromagnetic effect, TensorFlow self-electromagnetic self-electromagnetic self-electromagnetic enthusiasm, TensorFlow self-electromagnetic self-electromagnetic self-electromagnetic exploration, TensorFlow self-electromagnetic self-electromagnetic self-electromagnetic field, TensorFlow self-electromagnetic self-electromagnetic self-electromagnetic film, TensorFlow self-electromagnetic self-electromagnetic self-electromagnetic fulfillment, TensorFlow self-electromagnetic self-electromagnetic self-electromagnetic gaming, TensorFlow self-electromagnetic self-electromagnetic self-electromagnetic gratification, TensorFlow self-electromagnetic self-electromagnetic self-electromagnetic happiness, TensorFlow self-electromagnetic self-electromagnetic self-electromagnetic history, TensorFlow self-electromagnetic self-electromagnetic self-electromagnetic imagination, TensorFlow self-electromagnetic self-electromagnetic self-electromagnetic innovation, TensorFlow self-electromagnetic self-electromagnetic self-electromagnetic interaction, TensorFlow self-electromagnetic self-electromagnetic self-electromagnetic internet, TensorFlow self-electromagnetic self-electromagnetic self-electromagnetic joy, TensorFlow self-electromagnetic self-electromagnetic self-electromagnetic literature, TensorFlow self-electromagnetic self-electromagnetic self-electromagnetic mechanics, TensorFlow self-electromagnetic self-electromagnetic self-electromagnetic mobile, TensorFlow self-electromagnetic self-electromagnetic self-electromagnetic music, TensorFlow self-electromagnetic self-electromagnetic self-electromagnetic passion, TensorFlow self-electromagnetic self-electromagnetic self-electromagnetic phenomenon, TensorFlow self-electromagnetic self-electromagnetic self-electromagnetic physics, TensorFlow self-electromagnetic self-electromagnetic self-electromagnetic pleasure, TensorFlow self-electromagnetic self-electromagnetic self-electromagnetic psychology, TensorFlow self-electromagnetic self-electromagnetic self-electromagnetic radiation, TensorFlow self-electromagnetic self-electromagnetic self-electromagnetic radio, TensorFlow self-electromagnetic self-electromagnetic self-electromagnetic satisfaction, TensorFlow self-electromagnetic self-electromagnetic self-electromagnetic sociology, TensorFlow self-electromagnetic self-electromagnetic self-electromagnetic sports, TensorFlow self-electromagnetic self-electromagnetic self-electromagnetic television, TensorFlow self-electromagnetic self-electromagnetic self-electromagnetic theater, TensorFlow self-electromagnetic self-electromagnetic self-electromagnetic travel, TensorFlow self-electromagnetic self-electromagnetic self-electromagnetism, TensorFlow self-electromagnetic self-electromagnetic self-energy, TensorFlow self-electromagnetic self-electromagnetic self-esteem, TensorFlow self-electromagnetic self-electromagnetic self-force, TensorFlow self-electromagnetic self-electromagnetic self-gravitational anthropology, TensorFlow self-electromagnetic self-electromagnetic self-gravitational art, TensorFlow self-electromagnetic self-electromagnetic self-gravitational behavior, TensorFlow self-electromagnetic self-electromagnetic self-gravitational biology, TensorFlow self-electromagnetic self-electromagnetic self-gravitational chemistry, TensorFlow self-electromagnetic self-electromagnetic self-gravitational creativity, TensorFlow self-electromagnetic self-electromagnetic self-gravitational curiosity, TensorFlow self-electromagnetic self-electromagnetic self-gravitational dance, TensorFlow self-electromagnetic self-electromagnetic self-gravitational discovery, TensorFlow self-electromagnetic self-electromagnetic self-gravitational dynamics, TensorFlow self-electromagnetic self-electromagnetic self-gravitational effect, TensorFlow self-electromagnetic self-electromagnetic self-gravitational exploration, TensorFlow self-electromagnetic self-electromagnetic self-gravitational film, TensorFlow self-electromagnetic self-electromagnetic self-gravitational force, TensorFlow self-electromagnetic self-electromagnetic self-gravitational gaming, TensorFlow self-electromagnetic self-electromagnetic self-gravitational history, TensorFlow self-electromagnetic self-electromagnetic self-gravitational imagination, TensorFlow self-electromagnetic self-electromagnetic self-gravitational innovation, TensorFlow self-electromagnetic self-electromagnetic self-gravitational interaction, TensorFlow self-electromagnetic self-electromagnetic self-gravitational internet, TensorFlow self-electromagnetic self-electromagnetic self-gravitational literature, TensorFlow self-electromagnetic self-electromagnetic self-gravitational mechanics, TensorFlow self-electromagnetic self-electromagnetic self-gravitational mobile, TensorFlow self-electromagnetic self-electromagnetic self-gravitational music, TensorFlow self-electromagnetic self-electromagnetic self-gravitational passion, TensorFlow self-electromagnetic self-electromagnetic self-gravitational phenomenon, TensorFlow self-electromagnetic self-electromagnetic self-gravitational physics, TensorFlow self-electromagnetic self-electromagnetic self-gravitational psychology, TensorFlow self-electromagnetic self-electromagnetic self-gravitational radio, TensorFlow self-electromagnetic self-electromagnetic self-gravitational sociology, TensorFlow self-electromagnetic self-electromagnetic self-gravitational sports, TensorFlow self-electromagnetic self-electromagnetic self-gravitational television, TensorFlow self-electromagnetic self-electromagnetic self-gravitational theater, TensorFlow self-electromagnetic self-electromagnetic self-gravitational travel, TensorFlow self-electromagnetic self-electromagnetic self-gravitational wave, TensorFlow self-electromagnetic self-electromagnetic self-gravity, TensorFlow self-electromagnetic self-electromagnetic self-magnetism, TensorFlow self-electromagnetic self-electromagnetic self-motivation, TensorFlow self-electromagnetic self-electromagnetic self-power, TensorFlow self-electromagnetic self-electromagnetic self-propulsion, TensorFlow self-electromagnetic self-electromagnetic self-pull, TensorFlow self-electromagnetic self-electromagnetic self-push, TensorFlow self-electromagnetic self-electromagnetic self-respect, TensorFlow self-electromagnetic self-electromagnetic self-thrust, TensorFlow self-electromagnetic self-electromagnetic self-worth, TensorFlow self-electromagnetic self-electromagnetic sociology, TensorFlow self-electromagnetic self-electromagnetic sports, TensorFlow self-electromagnetic self-electromagnetic television, TensorFlow self-electromagnetic self-electromagnetic theater, TensorFlow self-electromagnetic self-electromagnetic travel, TensorFlow self-electromagnetic self-electromagnetism, TensorFlow self-electromagnetic self-energy, TensorFlow self-electromagnetic self-esteem, TensorFlow self-electromagnetic self-force, TensorFlow self-electromagnetic self-gravitational anthropology, TensorFlow self-electromagnetic self-gravitational art, TensorFlow self-electromagnetic self-gravitational behavior, TensorFlow self-electromagnetic self-gravitational biology, TensorFlow self-electromagnetic self-gravitational chemistry, TensorFlow self-electromagnetic self-gravitational creativity, TensorFlow self-electromagnetic self-gravitational curiosity, TensorFlow self-electromagnetic self-gravitational dance, TensorFlow self-electromagnetic self-gravitational discovery, TensorFlow self-electromagnetic self-gravitational dynamics, TensorFlow self-electromagnetic self-gravitational effect, TensorFlow self-electromagnetic self-gravitational exploration, TensorFlow self-electromagnetic self-gravitational film, TensorFlow self-electromagnetic self-gravitational force, TensorFlow self-electromagnetic self-gravitational gaming, TensorFlow self-electromagnetic self-gravitational history, TensorFlow self-electromagnetic self-gravitational imagination, TensorFlow self-electromagnetic self-gravitational innovation, TensorFlow self-electromagnetic self-gravitational interaction, TensorFlow self-electromagnetic self-gravitational internet, TensorFlow self-electromagnetic self-gravitational literature, TensorFlow self-electromagnetic self-gravitational mechanics, TensorFlow self-electromagnetic self-gravitational mobile, TensorFlow self-electromagnetic self-gravitational music, TensorFlow self-electromagnetic self-gravitational passion, TensorFlow self-electromagnetic self-gravitational phenomenon, TensorFlow self-electromagnetic self-gravitational physics, TensorFlow self-electromagnetic self-gravitational psychology, TensorFlow self-electromagnetic self-gravitational radio, TensorFlow self-electromagnetic self-gravitational sociology, TensorFlow self-electromagnetic self-gravitational sports, TensorFlow self-electromagnetic self-gravitational television, TensorFlow self-electromagnetic self-gravitational theater, TensorFlow self-electromagnetic self-gravitational travel, TensorFlow self-electromagnetic self-gravitational wave, TensorFlow self-electromagnetic self-gravity, TensorFlow self-electromagnetic self-magnetism, TensorFlow self-electromagnetic self-motivation, TensorFlow self-electromagnetic self-power, TensorFlow self-electromagnetic self-propulsion, TensorFlow self-electromagnetic self-pull, TensorFlow self-electromagnetic self-push, TensorFlow self-electromagnetic self-respect, TensorFlow self-electromagnetic self-thrust, TensorFlow self-electromagnetic self-worth, TensorFlow self-electromagnetic sociology, TensorFlow self-electromagnetic sports, TensorFlow self-electromagnetic television, TensorFlow self-electromagnetic theater, TensorFlow self-electromagnetic travel, TensorFlow self-electromagnetism, TensorFlow self-energy, TensorFlow self-esteem, TensorFlow self-force, TensorFlow self-gravitational anthropology, TensorFlow self-gravitational art, TensorFlow self-gravitational behavior, TensorFlow self-gravitational biology, TensorFlow self-gravitational chemistry, TensorFlow self-gravitational creativity, TensorFlow self-gravitational curiosity, TensorFlow self-gravitational dance, TensorFlow self-gravitational discovery, TensorFlow self-gravitational dynamics, TensorFlow self-gravitational effect, TensorFlow self-gravitational exploration, TensorFlow self-gravitational film, TensorFlow self-gravitational force, TensorFlow self-gravitational gaming, TensorFlow self-gravitational history, TensorFlow self-gravitational imagination, TensorFlow self-gravitational innovation, TensorFlow self-gravitational interaction, TensorFlow self-gravitational internet, TensorFlow self-gravitational literature, TensorFlow self-gravitational mechanics, TensorFlow self-gravitational mobile, TensorFlow self-gravitational music, TensorFlow self-gravitational passion, TensorFlow self-gravitational phenomenon, TensorFlow self-gravitational physics, TensorFlow self-gravitational psychology, TensorFlow self-gravitational radio, TensorFlow self-gravitational sociology, TensorFlow self-gravitational sports, TensorFlow self-gravitational television, TensorFlow self-gravitational theater, TensorFlow self-gravitational travel, TensorFlow self-gravitational wave, TensorFlow self-gravity, TensorFlow self-magnetism, TensorFlow self-motivation, TensorFlow self-power, TensorFlow self-propulsion, TensorFlow self-pull, TensorFlow self-push, TensorFlow self-respect, TensorFlow self-thrust, TensorFlow self-worth, TensorFlow serving, TensorFlow social media, TensorFlow sponsorship, TensorFlow support, TensorFlow testing, TensorFlow testing frameworks, TensorFlow tools, TensorFlow training, TensorFlow tutorials, TensorFlow user group, TensorFlow utilities, TensorFlow version (r1.1), TensorFlow webinar, TensorFlow workshop, Type casting, Type hinting, Variable manipulation, Vector-Matrix operations, Vectorization"
15,shraiysh,"Google Test Framework, HLO (High-Level Optimal Language), HLO (High-Level Optimal Representation), Literals, Loop analysis, Matching patterns, Mocking, Python, TensorFlow Lite Model Manipulation, TensorFlow Lite Schema Handling, TensorFlow Version Compatibility, Testing, Unit Testing, While loops"
16,neuropilot-captain,"TensorFlow Lite, TensorFlow Lite Internet of Things (IoT), TensorFlow Lite Internet of Things (IoT) testing, TensorFlow Lite accessibility, TensorFlow Lite accessibility testing, TensorFlow Lite analytics, TensorFlow Lite analytics testing, TensorFlow Lite artificial intelligence, TensorFlow Lite artificial intelligence testing, TensorFlow Lite asynchronous programming, TensorFlow Lite asynchronous programming testing, TensorFlow Lite autonomous vehicles, TensorFlow Lite autonomous vehicles testing, TensorFlow Lite benchmarking, TensorFlow Lite blockchain technology, TensorFlow Lite blockchain technology testing, TensorFlow Lite buffer management, TensorFlow Lite build system integration, TensorFlow Lite bytecode builder, TensorFlow Lite certification, TensorFlow Lite certification testing, TensorFlow Lite cloud-native computing, TensorFlow Lite cloud-native computing testing, TensorFlow Lite compilation, TensorFlow Lite compiler customization, TensorFlow Lite component-based programming, TensorFlow Lite component-based programming testing, TensorFlow Lite computer vision, TensorFlow Lite computer vision testing, TensorFlow Lite concurrency, TensorFlow Lite concurrency testing, TensorFlow Lite consulting, TensorFlow Lite consulting testing, TensorFlow Lite cost reduction, TensorFlow Lite cost reduction testing, TensorFlow Lite cross-platform support, TensorFlow Lite debugging, TensorFlow Lite decentralized computing, TensorFlow Lite decentralized computing testing, TensorFlow Lite declarative programming, TensorFlow Lite declarative programming testing, TensorFlow Lite deep learning, TensorFlow Lite deep learning testing, TensorFlow Lite dependency management, TensorFlow Lite deployment, TensorFlow Lite deserialization, TensorFlow Lite desktop application testing, TensorFlow Lite desktop applications, TensorFlow Lite documentation, TensorFlow Lite edge computing, TensorFlow Lite edge computing testing, TensorFlow Lite education, TensorFlow Lite education testing, TensorFlow Lite embedded systems, TensorFlow Lite embedded systems testing, TensorFlow Lite event-driven programming, TensorFlow Lite event-driven programming testing, TensorFlow Lite exception handling, TensorFlow Lite exception handling testing, TensorFlow Lite experimentation, TensorFlow Lite experimentation testing, TensorFlow Lite extensibility, TensorFlow Lite fog computing, TensorFlow Lite fog computing testing, TensorFlow Lite functional programming, TensorFlow Lite functional programming testing, TensorFlow Lite game development, TensorFlow Lite game development testing, TensorFlow Lite hardware acceleration, TensorFlow Lite imperative programming, TensorFlow Lite imperative programming testing, TensorFlow Lite internationalization, TensorFlow Lite internationalization testing, TensorFlow Lite legalizations, TensorFlow Lite localization, TensorFlow Lite localization testing, TensorFlow Lite logging, TensorFlow Lite logging testing, TensorFlow Lite machine learning, TensorFlow Lite machine learning testing, TensorFlow Lite maintainability, TensorFlow Lite maintenance, TensorFlow Lite maintenance testing, TensorFlow Lite microservices architecture, TensorFlow Lite microservices architecture testing, TensorFlow Lite mobile application testing, TensorFlow Lite mobile applications, TensorFlow Lite monitoring, TensorFlow Lite monitoring testing, TensorFlow Lite multi-partition support, TensorFlow Lite multithreading, TensorFlow Lite multithreading testing, TensorFlow Lite natural language processing, TensorFlow Lite natural language processing testing, TensorFlow Lite object-oriented programming, TensorFlow Lite object-oriented programming testing, TensorFlow Lite optimization, TensorFlow Lite optimization testing, TensorFlow Lite performance improvement, TensorFlow Lite performance improvement testing, TensorFlow Lite performance tuning, TensorFlow Lite privacy, TensorFlow Lite procedural programming, TensorFlow Lite procedural programming testing, TensorFlow Lite profiling, TensorFlow Lite prototyping, TensorFlow Lite prototyping testing, TensorFlow Lite quality assurance, TensorFlow Lite quality assurance testing, TensorFlow Lite quantization, TensorFlow Lite quantum computing, TensorFlow Lite quantum computing testing, TensorFlow Lite reactive programming, TensorFlow Lite reactive programming testing, TensorFlow Lite research, TensorFlow Lite research testing, TensorFlow Lite resource management, TensorFlow Lite resource management testing, TensorFlow Lite risk mitigation, TensorFlow Lite risk mitigation testing, TensorFlow Lite robotics, TensorFlow Lite robotics testing, TensorFlow Lite scalability, TensorFlow Lite schema handling, TensorFlow Lite schema resolver, TensorFlow Lite security, TensorFlow Lite serialization, TensorFlow Lite serverless computing, TensorFlow Lite serverless computing testing, TensorFlow Lite service-oriented programming, TensorFlow Lite service-oriented programming testing, TensorFlow Lite simulation, TensorFlow Lite simulation testing, TensorFlow Lite subgraph processing, TensorFlow Lite support, TensorFlow Lite support testing, TensorFlow Lite testing, TensorFlow Lite threading, TensorFlow Lite threading testing, TensorFlow Lite time-to-market reduction, TensorFlow Lite time-to-market reduction testing, TensorFlow Lite training, TensorFlow Lite training testing, TensorFlow Lite usability, TensorFlow Lite usability testing, TensorFlow Lite user experience, TensorFlow Lite user experience testing, TensorFlow Lite version management, TensorFlow Lite wearable devices, TensorFlow Lite wearable devices testing, TensorFlow Lite web application testing, TensorFlow Lite web applications"
17,apivovarov,"Code modification, Code refactoring, Code review, Commit messages, Defining and modifying class methods, Documentation updates, Handling attributes in classes, Importing modules, Modifying source files, Move Semantics, Pull Request Submission, Testing and validation of numerical computations, Type Traits"
18,yliu120,"Git, Pull Request Submission, Testing, Version control (Git)"
19,Tixxx,"Stream synchronization, TensorFlow GPU support, TensorFlow operations, Testing, Vector-Matrix operations"
20,jiunkaiy,"Convolutional operation optimization, Custom op builders, Fully connected operation optimization, Hardware acceleration integration, Neural network operations legalization, Tensor reshaping, Tensor transposition, TensorFlow Lite optimization, TensorFlow Lite schema handling, TensorFlow admiration, TensorFlow advertising, TensorFlow applications, TensorFlow appreciation, TensorFlow benchmarking, TensorFlow best practices, TensorFlow bliss, TensorFlow blog, TensorFlow certification, TensorFlow collaboration, TensorFlow community forum, TensorFlow community support, TensorFlow competition, TensorFlow compliance, TensorFlow conference, TensorFlow confidence, TensorFlow contentment, TensorFlow creativity, TensorFlow curiosity, TensorFlow customer service, TensorFlow debugging, TensorFlow delight, TensorFlow deployment, TensorFlow dignity, TensorFlow documentation generation, TensorFlow ecosystem, TensorFlow education, TensorFlow enthusiasm, TensorFlow events, TensorFlow examples, TensorFlow excitement, TensorFlow extensions, TensorFlow fulfillment, TensorFlow funding, TensorFlow future developments, TensorFlow grant, TensorFlow gratification, TensorFlow hackathon, TensorFlow happiness, TensorFlow honor, TensorFlow imagination, TensorFlow innovation, TensorFlow installation and configuration, TensorFlow integrations, TensorFlow investment, TensorFlow joy, TensorFlow marketing, TensorFlow meetup, TensorFlow newsletter, TensorFlow partnership, TensorFlow passion, TensorFlow performance tuning, TensorFlow pleasure, TensorFlow plugins, TensorFlow podcast, TensorFlow pride, TensorFlow prize, TensorFlow profiling, TensorFlow recognition, TensorFlow research, TensorFlow resources, TensorFlow respect, TensorFlow reward, TensorFlow roadmap, TensorFlow sales, TensorFlow satisfaction, TensorFlow scalability, TensorFlow scholarship, TensorFlow security, TensorFlow self-assurance, TensorFlow self-belief, TensorFlow self-confidence, TensorFlow self-drive, TensorFlow self-efficacy, TensorFlow self-electromagnetic admiration, TensorFlow self-electromagnetic anthropology, TensorFlow self-electromagnetic appreciation, TensorFlow self-electromagnetic art, TensorFlow self-electromagnetic behavior, TensorFlow self-electromagnetic biology, TensorFlow self-electromagnetic bliss, TensorFlow self-electromagnetic chemistry, TensorFlow self-electromagnetic confidence, TensorFlow self-electromagnetic contentment, TensorFlow self-electromagnetic creativity, TensorFlow self-electromagnetic curiosity, TensorFlow self-electromagnetic dance, TensorFlow self-electromagnetic delight, TensorFlow self-electromagnetic dignity, TensorFlow self-electromagnetic discovery, TensorFlow self-electromagnetic dynamics, TensorFlow self-electromagnetic effect, TensorFlow self-electromagnetic enthusiasm, TensorFlow self-electromagnetic exploration, TensorFlow self-electromagnetic field, TensorFlow self-electromagnetic film, TensorFlow self-electromagnetic fulfillment, TensorFlow self-electromagnetic gaming, TensorFlow self-electromagnetic gratification, TensorFlow self-electromagnetic happiness, TensorFlow self-electromagnetic history, TensorFlow self-electromagnetic honor, TensorFlow self-electromagnetic imagination, TensorFlow self-electromagnetic innovation, TensorFlow self-electromagnetic interaction, TensorFlow self-electromagnetic internet, TensorFlow self-electromagnetic joy, TensorFlow self-electromagnetic literature, TensorFlow self-electromagnetic mechanics, TensorFlow self-electromagnetic mobile, TensorFlow self-electromagnetic music, TensorFlow self-electromagnetic passion, TensorFlow self-electromagnetic phenomenon, TensorFlow self-electromagnetic physics, TensorFlow self-electromagnetic pleasure, TensorFlow self-electromagnetic pride, TensorFlow self-electromagnetic psychology, TensorFlow self-electromagnetic radiation, TensorFlow self-electromagnetic radio, TensorFlow self-electromagnetic recognition, TensorFlow self-electromagnetic respect, TensorFlow self-electromagnetic reward, TensorFlow self-electromagnetic satisfaction, TensorFlow self-electromagnetic self-assurance, TensorFlow self-electromagnetic self-belief, TensorFlow self-electromagnetic self-confidence, TensorFlow self-electromagnetic self-drive, TensorFlow self-electromagnetic self-efficacy, TensorFlow self-electromagnetic self-electromagnetic admiration, TensorFlow self-electromagnetic self-electromagnetic anthropology, TensorFlow self-electromagnetic self-electromagnetic appreciation, TensorFlow self-electromagnetic self-electromagnetic art, TensorFlow self-electromagnetic self-electromagnetic behavior, TensorFlow self-electromagnetic self-electromagnetic biology, TensorFlow self-electromagnetic self-electromagnetic bliss, TensorFlow self-electromagnetic self-electromagnetic chemistry, TensorFlow self-electromagnetic self-electromagnetic confidence, TensorFlow self-electromagnetic self-electromagnetic contentment, TensorFlow self-electromagnetic self-electromagnetic creativity, TensorFlow self-electromagnetic self-electromagnetic curiosity, TensorFlow self-electromagnetic self-electromagnetic dance, TensorFlow self-electromagnetic self-electromagnetic delight, TensorFlow self-electromagnetic self-electromagnetic dignity, TensorFlow self-electromagnetic self-electromagnetic discovery, TensorFlow self-electromagnetic self-electromagnetic dynamics, TensorFlow self-electromagnetic self-electromagnetic effect, TensorFlow self-electromagnetic self-electromagnetic enthusiasm, TensorFlow self-electromagnetic self-electromagnetic exploration, TensorFlow self-electromagnetic self-electromagnetic field, TensorFlow self-electromagnetic self-electromagnetic film, TensorFlow self-electromagnetic self-electromagnetic fulfillment, TensorFlow self-electromagnetic self-electromagnetic gaming, TensorFlow self-electromagnetic self-electromagnetic gratification, TensorFlow self-electromagnetic self-electromagnetic happiness, TensorFlow self-electromagnetic self-electromagnetic history, TensorFlow self-electromagnetic self-electromagnetic honor, TensorFlow self-electromagnetic self-electromagnetic imagination, TensorFlow self-electromagnetic self-electromagnetic innovation, TensorFlow self-electromagnetic self-electromagnetic interaction, TensorFlow self-electromagnetic self-electromagnetic internet, TensorFlow self-electromagnetic self-electromagnetic joy, TensorFlow self-electromagnetic self-electromagnetic literature, TensorFlow self-electromagnetic self-electromagnetic mechanics, TensorFlow self-electromagnetic self-electromagnetic mobile, TensorFlow self-electromagnetic self-electromagnetic music, TensorFlow self-electromagnetic self-electromagnetic passion, TensorFlow self-electromagnetic self-electromagnetic phenomenon, TensorFlow self-electromagnetic self-electromagnetic physics, TensorFlow self-electromagnetic self-electromagnetic pleasure, TensorFlow self-electromagnetic self-electromagnetic pride, TensorFlow self-electromagnetic self-electromagnetic psychology, TensorFlow self-electromagnetic self-electromagnetic radiation, TensorFlow self-electromagnetic self-electromagnetic radio, TensorFlow self-electromagnetic self-electromagnetic recognition, TensorFlow self-electromagnetic self-electromagnetic respect, TensorFlow self-electromagnetic self-electromagnetic reward, TensorFlow self-electromagnetic self-electromagnetic satisfaction, TensorFlow self-electromagnetic self-electromagnetic self, TensorFlow self-electromagnetic self-electromagnetic self-assurance, TensorFlow self-electromagnetic self-electromagnetic self-belief, TensorFlow self-electromagnetic self-electromagnetic self-confidence, TensorFlow self-electromagnetic self-electromagnetic self-drive, TensorFlow self-electromagnetic self-electromagnetic self-efficacy, TensorFlow self-electromagnetic self-electromagnetic self-electromagnetic anthropology, TensorFlow self-electromagnetic self-electromagnetic self-electromagnetic art, TensorFlow self-electromagnetic self-electromagnetic self-electromagnetic behavior, TensorFlow self-electromagnetic self-electromagnetic self-electromagnetic biology, TensorFlow self-electromagnetic self-electromagnetic self-electromagnetic bliss, TensorFlow self-electromagnetic self-electromagnetic self-electromagnetic chemistry, TensorFlow self-electromagnetic self-electromagnetic self-electromagnetic contentment, TensorFlow self-electromagnetic self-electromagnetic self-electromagnetic creativity, TensorFlow self-electromagnetic self-electromagnetic self-electromagnetic curiosity, TensorFlow self-electromagnetic self-electromagnetic self-electromagnetic dance, TensorFlow self-electromagnetic self-electromagnetic self-electromagnetic delight, TensorFlow self-electromagnetic self-electromagnetic self-electromagnetic discovery, TensorFlow self-electromagnetic self-electromagnetic self-electromagnetic dynamics, TensorFlow self-electromagnetic self-electromagnetic self-electromagnetic effect, TensorFlow self-electromagnetic self-electromagnetic self-electromagnetic enthusiasm, TensorFlow self-electromagnetic self-electromagnetic self-electromagnetic exploration, TensorFlow self-electromagnetic self-electromagnetic self-electromagnetic field, TensorFlow self-electromagnetic self-electromagnetic self-electromagnetic film, TensorFlow self-electromagnetic self-electromagnetic self-electromagnetic fulfillment, TensorFlow self-electromagnetic self-electromagnetic self-electromagnetic gaming, TensorFlow self-electromagnetic self-electromagnetic self-electromagnetic gratification, TensorFlow self-electromagnetic self-electromagnetic self-electromagnetic happiness, TensorFlow self-electromagnetic self-electromagnetic self-electromagnetic history, TensorFlow self-electromagnetic self-electromagnetic self-electromagnetic imagination, TensorFlow self-electromagnetic self-electromagnetic self-electromagnetic innovation, TensorFlow self-electromagnetic self-electromagnetic self-electromagnetic interaction, TensorFlow self-electromagnetic self-electromagnetic self-electromagnetic internet, TensorFlow self-electromagnetic self-electromagnetic self-electromagnetic joy, TensorFlow self-electromagnetic self-electromagnetic self-electromagnetic literature, TensorFlow self-electromagnetic self-electromagnetic self-electromagnetic mechanics, TensorFlow self-electromagnetic self-electromagnetic self-electromagnetic mobile, TensorFlow self-electromagnetic self-electromagnetic self-electromagnetic music, TensorFlow self-electromagnetic self-electromagnetic self-electromagnetic passion, TensorFlow self-electromagnetic self-electromagnetic self-electromagnetic phenomenon, TensorFlow self-electromagnetic self-electromagnetic self-electromagnetic physics, TensorFlow self-electromagnetic self-electromagnetic self-electromagnetic pleasure, TensorFlow self-electromagnetic self-electromagnetic self-electromagnetic psychology, TensorFlow self-electromagnetic self-electromagnetic self-electromagnetic radiation, TensorFlow self-electromagnetic self-electromagnetic self-electromagnetic radio, TensorFlow self-electromagnetic self-electromagnetic self-electromagnetic satisfaction, TensorFlow self-electromagnetic self-electromagnetic self-electromagnetic sociology, TensorFlow self-electromagnetic self-electromagnetic self-electromagnetic sports, TensorFlow self-electromagnetic self-electromagnetic self-electromagnetic television, TensorFlow self-electromagnetic self-electromagnetic self-electromagnetic theater, TensorFlow self-electromagnetic self-electromagnetic self-electromagnetic travel, TensorFlow self-electromagnetic self-electromagnetic self-electromagnetism, TensorFlow self-electromagnetic self-electromagnetic self-energy, TensorFlow self-electromagnetic self-electromagnetic self-esteem, TensorFlow self-electromagnetic self-electromagnetic self-force, TensorFlow self-electromagnetic self-electromagnetic self-gravitational anthropology, TensorFlow self-electromagnetic self-electromagnetic self-gravitational art, TensorFlow self-electromagnetic self-electromagnetic self-gravitational behavior, TensorFlow self-electromagnetic self-electromagnetic self-gravitational biology, TensorFlow self-electromagnetic self-electromagnetic self-gravitational chemistry, TensorFlow self-electromagnetic self-electromagnetic self-gravitational creativity, TensorFlow self-electromagnetic self-electromagnetic self-gravitational curiosity, TensorFlow self-electromagnetic self-electromagnetic self-gravitational dance, TensorFlow self-electromagnetic self-electromagnetic self-gravitational discovery, TensorFlow self-electromagnetic self-electromagnetic self-gravitational dynamics, TensorFlow self-electromagnetic self-electromagnetic self-gravitational effect, TensorFlow self-electromagnetic self-electromagnetic self-gravitational exploration, TensorFlow self-electromagnetic self-electromagnetic self-gravitational film, TensorFlow self-electromagnetic self-electromagnetic self-gravitational force, TensorFlow self-electromagnetic self-electromagnetic self-gravitational gaming, TensorFlow self-electromagnetic self-electromagnetic self-gravitational history, TensorFlow self-electromagnetic self-electromagnetic self-gravitational imagination, TensorFlow self-electromagnetic self-electromagnetic self-gravitational innovation, TensorFlow self-electromagnetic self-electromagnetic self-gravitational interaction, TensorFlow self-electromagnetic self-electromagnetic self-gravitational internet, TensorFlow self-electromagnetic self-electromagnetic self-gravitational literature, TensorFlow self-electromagnetic self-electromagnetic self-gravitational mechanics, TensorFlow self-electromagnetic self-electromagnetic self-gravitational mobile, TensorFlow self-electromagnetic self-electromagnetic self-gravitational music, TensorFlow self-electromagnetic self-electromagnetic self-gravitational passion, TensorFlow self-electromagnetic self-electromagnetic self-gravitational phenomenon, TensorFlow self-electromagnetic self-electromagnetic self-gravitational physics, TensorFlow self-electromagnetic self-electromagnetic self-gravitational psychology, TensorFlow self-electromagnetic self-electromagnetic self-gravitational radio, TensorFlow self-electromagnetic self-electromagnetic self-gravitational sociology, TensorFlow self-electromagnetic self-electromagnetic self-gravitational sports, TensorFlow self-electromagnetic self-electromagnetic self-gravitational television, TensorFlow self-electromagnetic self-electromagnetic self-gravitational theater, TensorFlow self-electromagnetic self-electromagnetic self-gravitational travel, TensorFlow self-electromagnetic self-electromagnetic self-gravitational wave, TensorFlow self-electromagnetic self-electromagnetic self-gravity, TensorFlow self-electromagnetic self-electromagnetic self-magnetism, TensorFlow self-electromagnetic self-electromagnetic self-motivation, TensorFlow self-electromagnetic self-electromagnetic self-power, TensorFlow self-electromagnetic self-electromagnetic self-propulsion, TensorFlow self-electromagnetic self-electromagnetic self-pull, TensorFlow self-electromagnetic self-electromagnetic self-push, TensorFlow self-electromagnetic self-electromagnetic self-respect, TensorFlow self-electromagnetic self-electromagnetic self-thrust, TensorFlow self-electromagnetic self-electromagnetic self-worth, TensorFlow self-electromagnetic self-electromagnetic sociology, TensorFlow self-electromagnetic self-electromagnetic sports, TensorFlow self-electromagnetic self-electromagnetic television, TensorFlow self-electromagnetic self-electromagnetic theater, TensorFlow self-electromagnetic self-electromagnetic travel, TensorFlow self-electromagnetic self-electromagnetism, TensorFlow self-electromagnetic self-energy, TensorFlow self-electromagnetic self-esteem, TensorFlow self-electromagnetic self-force, TensorFlow self-electromagnetic self-gravitational anthropology, TensorFlow self-electromagnetic self-gravitational art, TensorFlow self-electromagnetic self-gravitational behavior, TensorFlow self-electromagnetic self-gravitational biology, TensorFlow self-electromagnetic self-gravitational chemistry, TensorFlow self-electromagnetic self-gravitational creativity, TensorFlow self-electromagnetic self-gravitational curiosity, TensorFlow self-electromagnetic self-gravitational dance, TensorFlow self-electromagnetic self-gravitational discovery, TensorFlow self-electromagnetic self-gravitational dynamics, TensorFlow self-electromagnetic self-gravitational effect, TensorFlow self-electromagnetic self-gravitational exploration, TensorFlow self-electromagnetic self-gravitational film, TensorFlow self-electromagnetic self-gravitational force, TensorFlow self-electromagnetic self-gravitational gaming, TensorFlow self-electromagnetic self-gravitational history, TensorFlow self-electromagnetic self-gravitational imagination, TensorFlow self-electromagnetic self-gravitational innovation, TensorFlow self-electromagnetic self-gravitational interaction, TensorFlow self-electromagnetic self-gravitational internet, TensorFlow self-electromagnetic self-gravitational literature, TensorFlow self-electromagnetic self-gravitational mechanics, TensorFlow self-electromagnetic self-gravitational mobile, TensorFlow self-electromagnetic self-gravitational music, TensorFlow self-electromagnetic self-gravitational passion, TensorFlow self-electromagnetic self-gravitational phenomenon, TensorFlow self-electromagnetic self-gravitational physics, TensorFlow self-electromagnetic self-gravitational psychology, TensorFlow self-electromagnetic self-gravitational radio, TensorFlow self-electromagnetic self-gravitational sociology, TensorFlow self-electromagnetic self-gravitational sports, TensorFlow self-electromagnetic self-gravitational television, TensorFlow self-electromagnetic self-gravitational theater, TensorFlow self-electromagnetic self-gravitational travel, TensorFlow self-electromagnetic self-gravitational wave, TensorFlow self-electromagnetic self-gravity, TensorFlow self-electromagnetic self-magnetism, TensorFlow self-electromagnetic self-motivation, TensorFlow self-electromagnetic self-power, TensorFlow self-electromagnetic self-propulsion, TensorFlow self-electromagnetic self-pull, TensorFlow self-electromagnetic self-push, TensorFlow self-electromagnetic self-respect, TensorFlow self-electromagnetic self-thrust, TensorFlow self-electromagnetic self-worth, TensorFlow self-electromagnetic sociology, TensorFlow self-electromagnetic sports, TensorFlow self-electromagnetic television, TensorFlow self-electromagnetic theater, TensorFlow self-electromagnetic travel, TensorFlow self-electromagnetism, TensorFlow self-energy, TensorFlow self-esteem, TensorFlow self-force, TensorFlow self-gravitational anthropology, TensorFlow self-gravitational art, TensorFlow self-gravitational behavior, TensorFlow self-gravitational biology, TensorFlow self-gravitational chemistry, TensorFlow self-gravitational creativity, TensorFlow self-gravitational curiosity, TensorFlow self-gravitational dance, TensorFlow self-gravitational discovery, TensorFlow self-gravitational dynamics, TensorFlow self-gravitational effect, TensorFlow self-gravitational exploration, TensorFlow self-gravitational film, TensorFlow self-gravitational force, TensorFlow self-gravitational gaming, TensorFlow self-gravitational history, TensorFlow self-gravitational imagination, TensorFlow self-gravitational innovation, TensorFlow self-gravitational interaction, TensorFlow self-gravitational internet, TensorFlow self-gravitational literature, TensorFlow self-gravitational mechanics, TensorFlow self-gravitational mobile, TensorFlow self-gravitational music, TensorFlow self-gravitational passion, TensorFlow self-gravitational phenomenon, TensorFlow self-gravitational physics, TensorFlow self-gravitational psychology, TensorFlow self-gravitational radio, TensorFlow self-gravitational sociology, TensorFlow self-gravitational sports, TensorFlow self-gravitational television, TensorFlow self-gravitational theater, TensorFlow self-gravitational travel, TensorFlow self-gravitational wave, TensorFlow self-gravity, TensorFlow self-magnetism, TensorFlow self-motivation, TensorFlow self-power, TensorFlow self-propulsion, TensorFlow self-pull, TensorFlow self-push, TensorFlow self-respect, TensorFlow self-thrust, TensorFlow self-worth, TensorFlow serving, TensorFlow social media, TensorFlow sponsorship, TensorFlow support, TensorFlow testing, TensorFlow testing frameworks, TensorFlow tools, TensorFlow training, TensorFlow tutorials, TensorFlow user group, TensorFlow utilities, TensorFlow version (r1.1), TensorFlow webinar, TensorFlow workshop"
21,serach24,"Code Refactoring, Debugging, Memory Space Handling, Pull Request Submission, Shape Comparison, Sorting Algorithms, Testing Frameworks (e.g., Google Test)"
22,unknown,"Bug fixing, Code optimization, NumPy, NumPy library, Pull Request Submission, Pull requests (PRs), Testing, Testing frameworks (pytest), Type checking tools (e.g., MyPy), Vector-Matrix operations, Vectorization, Version control (Git), Writing and debugging Python code"
23,baskargopinath,"Python extension modules, Testing frameworks (pytest), Type annotations, Type checking tools (e.g., MyPy), Type hinting, Writing and debugging Python code"
24,ngoldbaum,"Array manipulation, Barrier synchronization, Build Tool Versions, Build system customization (e.g., Bazel), Build/Install Issues, Code Refactoring, Code Reviews, Code documentation, Code modification, Code optimization, Code patching, Code refactoring, Code review, Code testing, Compiler compatibility, Concurrency, Data Races, Deadlock Prevention, Debugging, Dependency management, Error handling, Exception handling, Float to string conversion, Free-threaded scaling, Function overloading, Hardware-specific optimizations, Linting, Locking mechanisms, Macros, Memory Management, Memory Space Handling, Memory management, Memory-mapped files, Multithreading, NaN handling, Namespace usage, NumPy, NumPy library, NumPy library development, NumPy testing, NumPy**, Numpy Arrays, Numpy library, OpenBLAS, OpenBLAS integration, OpenBLAS library, Optimization techniques for neural networks, Optimizing algorithms to reduce computational complexity, Performance optimization, Platform-specific code, Platform-specific code handling, Pointer handling, Preprocessor directives, Pull Request Submission, Pull Requests, Pull Requests (PRs), Pull requests (PRs), Python extension modules, Python programming, Python programming language, Python testing frameworks, Reference Counting, Repository Management, Repository cloning, Repository management, Resource Cleanup, Scalar types, Software development, Standard library inclusion, String manipulation, StringDType, StringI/O (`StringIO`), Testing, Testing (`assert_array_equal`), Testing Frameworks, Testing and validation of numerical computations, Testing frameworks (pytest), Testing**, Thread Safety, Thread Sanitizer, Thread pools, Thread safety, Threading and parallelism, Type Checking Tools**, Type Errors, Type Ready Function, Type annotations, Type casting, Type checking, Type checking tools (MyPy), Type checking tools (e.g., MyPy), Type hinting, Type promotion, TypeVar, Typing Extensions, UFuncs, Unicode handling, Unit testing, Use-after-free error detection, Vectorization, Verifying the correctness of implemented features, Version Control, Version control (Git), Version control system, Version management, Writing and debugging Python code"
25,mayeut,"Build system customization (e.g., Bazel), Debugging, Dependency management, Docker containerization platform, File handling, Header file management, Macro definitions, Memory management, Platform-specific code, Python packaging standards (PEP 517), Random errors, Segmentation faults, Software development, System calls, Testing, Testing frameworks (pytest), Version control (Git), Version control system, Version control**, Version management, Version updates, Workflow definition"
26,seberg,"Algorithm optimization, Array manipulation, Array-like objects, Bug fixing, Bumping Dependencies, Code documentation, Code optimization, Code refactoring, Code review, Code testing, Collaboration on code changes through pull requests, Data types, Debugging, Error handling, Exception handling, Memory management, Overflow checks, Parameterized tests, Pull Request Submission, Pull request handling, Pull requests (PRs), Python documentation generation, Python programming, Temporal files, Temporary directory (`tmpdir`), Testing, Testing (`assert_array_equal`), Testing frameworks (pytest), Type annotations, Type casting, Type checking tools (MyPy), Type checking tools (e.g., MyPy), Version control (Git)"
27,mattip,"Array manipulation, Array-like objects, Build system customization (e.g., Bazel), Bumping Dependencies, Byte string handling, Code documentation, Code execution, Code optimization, Code patching, Code refactoring, Conditional logic, Encoding and decoding, Exception handling, Parallel job execution, Platform-specific code execution, Pull Request Submission, Pull Requests (PRs), Pull request handling, Python documentation generation, Python packaging standards (PEP 517), Python programming language, Python testing frameworks, Python version (Python 2.7), Python virtual environments, Python**, String manipulation, System information retrieval, Table of contents (TOC) management, Testing and validation of code changes, Testing frameworks (pytest), Version control (Git), Version management"
28,hameerabbasi,"Array manipulation, Array-like objects"
29,eendebakpt,"Algorithm optimization, Bug fixing, Code documentation, Code refactoring, Collaboration on code changes through pull requests, Pull request handling, Testing frameworks (pytest), Version control (Git)"
30,guan404ming,Version control (Git)
31,SaraInCode,No significant skills found.
32,mhvk,"C/C++ programming language, Code documentation, Code optimization, Code refactoring, Code review, Debugging, Exception handling, Function overloading, Generalized Universal Functions (UFuncs), Matrices, Memory management, Method overriding, NumPy, NumPy library, Overloading methods, Pull Request Submission, Pull requests (PRs), Python programming, Testing, Testing and validation of numerical computations, Testing frameworks (pytest), Type hinting, Vector-Matrix operations, Vectorization, Version control (Git)"
33,wheeleha,"String manipulation, Syntax, Version control (Git)"
34,andyfaff,"Debugging, Memory management, Random errors, Segmentation faults, Testing, Testing frameworks (pytest), Version control (Git), Version management, Version updates, Workflow definition"
35,tylerjereddy,"Array manipulation, Code optimization, Code refactoring, Code review, Error handling, Pull Request Submission, Pull requests (PRs), Testing (`assert_array_equal`), Testing frameworks (pytest), Type casting"
36,f380cedric,Adding new sections to existing documents
37,MaanasArora,"Array manipulation, Code optimization, Code refactoring, Data types, Debugging, Error handling, Memory management, Pull Request Submission, Pull request handling, Testing, Testing frameworks (pytest), Type checking tools (e.g., MyPy), Version control (Git)"
38,bartosz-grabowski,No significant skills found.
39,l09rin,"Code testing, Parameterized tests, Temporal files, Temporary directory (`tmpdir`), Testing (`assert_array_equal`), Testing frameworks (pytest)"
40,SlobodanMiletic,"Debugging, Error handling, File handling, Function overloading, Header file management, If statements, Include guards, Inline functions, Integer arithmetic, Macro definitions, Memory management, Preprocessor directives, Return statements, String manipulation, System calls, Type casting, Type definitions, Variable declarations, While loops"
41,abhishek-iitmadras,"Floating-point arithmetic, Function overloading, Macro definition, Memory management, Platform-specific code, Preprocessor directives, Software development, Testing, Type casting, Vectorization"
42,charris,"Arithmetic Operations, Build Tool Versions, Build system customization (e.g., Bazel), Build/Install Issues, Code Refactoring, Code Reviews, Code documentation, Code modification, Code patching, Code review, Complex Number Types, Deadlock Prevention, Dependency management, Floating Point Types, Integer Types, Linting, NumPy Library Development, Overloading Methods, Protocol Classes, Pull Request Submission, Pull Requests, Pull Requests (PRs), Python Programming, Reference Counting, Repository Management, Repository cloning, Repository management, Resource Cleanup, Testing Frameworks, Testing Frameworks (pytest), Testing and validation of numerical computations, Testing frameworks (pytest), Testing**, Type Promotion, Version Control, Version control (Git), Version control system, Version management"
43,jorenham,"Arithmetic Operations, Bump dependencies, Complex Number Types, Floating Point Types, Integer Types, Mypy, NumPy Library Development, Overloading Methods, Overloading functions, Overloading methods, Protocol Classes, Python Programming, Python version management, Testing Frameworks (pytest), Testing frameworks (pytest), Type Promotion, Type Ready Function, Type Tests, Type Variables, Type aliasing, Type casting, Type checking tools (e.g., MyPy), Type hinting, Type promotion, TypeVar, Typing Extensions, UFuncs"
44,lysnikolaou,"Vectorization, Writing and debugging Python code, Writing unit tests"
45,agriyakhetarpal,"Browser-based computing, CSS styling, Code documentation, Configuration files, Dependency management, Documentation updates, HTML content, JavaScript interaction, JupyterLite, Pyodide, Release notes, Testing, User interface design, Version control (Git)"
46,sterrettm2,No significant skills found.
47,hauntsaninja,"Pull request handling, Testing frameworks (pytest), Type Checking Tools**, Version Control**"
48,yakovdan,"Debugging, Error handling, Exception handling, Overflow checks, Testing, Testing frameworks (pytest), Type annotations, Type checking tools (MyPy)"
49,HaoZeke,"Callback functions, Code documentation, Code optimization, Code refactoring, Deep merging dictionaries, Error handling, Exception handling, F2PY, F2PY (Fortran to Python interface generator), Fixing bugs related to common blocks, Fixing bugs related to multiple modules, Fortran code integration, ISO C bindings, Module management, Platform-specific testing, Pull Request Submission, Pull Requests (PRs), Pull requests (PRs), Testing (`assert_array_equal`), Testing F2PY functionality, Testing and validation of numerical computations, Testing common blocks, Testing frameworks (pytest), Testing multiple modules, Testing under specific conditions, Type mapping, Version control (Git), Writing Fortran modules, Writing and debugging Python code, Writing unit tests"
50,DWesl,"Build Tool Versions, Build system automation, Build system benchmarking, Build system best practices, Build system compliance, Build system configuration, Build system customization (e.g., Bazel), Build system debugging, Build system documentation, Build system logging, Build system maintainability, Build system monitoring, Build system optimization, Build system orchestration, Build system performance, Build system profiling, Build system reliability, Build system scalability, Build system scripting, Build system security, Build system testing, Build/Install Issues, Git, GitHub Actions CI/CD tool"
51,ArvidJB,"Broadcasting, Custom UFuncs, Slice operation, String arrays, String manipulation, String slicing with broadcasting, String slicing with different data types, String slicing with negative indices, String slicing with varying lengths, StringDType, UFuncs, Vectorized operations"
52,Uvi-12,"Editing Markdown files for documentation purposes, Importing modules, Masked Arrays, NumPy, NumPy library, StringDType, Testing, Testing frameworks (pytest)"
53,that-ar-guy,Table of contents (TOC) management
54,Shashwatpandey4,Testing frameworks (pytest)
55,simonaltrogge,"Array Manipulation, Code Documentation, Code Optimization, Code Refactoring, Code Review, NumPy Arrays, NumPy Library Development, Pull Request Submission, Pull Requests (PRs), Python Programming, Python Version Management, Testing and Validation of Numerical Computations, Type Annotations, Type Checking Tools (e.g., MyPy)"
56,john-science,Ensuring clarity and completeness in documentation
57,larsoner,"Python packaging standards (PEP 517), Python version management, Version control (Git)"
58,setbit123,No significant skills found.
59,StanFromIreland,No significant skills found.
60,laarohi,"Bug fixing, Code documentation, Code optimization, Code refactoring, Code review, Pull Request Submission, Pull requests (PRs), Testing frameworks (pytest), Version control (Git)"
61,nullSoup,"README creation, Software installation, System configuration, Version control (Git)"
