issue_id,required_skills
24456,"Code modification, Code patching, Code review, Deprecation warnings, File handling, Pull Request Submission, Pull Requests (PRs), Pull request handling, Pull requests, Pull requests (PRs), Python dependency resolution, Python documentation generation, Python extension modules, Python packaging standards (PEP 517), Python programming, Python testing frameworks, Python version management, Python virtual environments, Python**, String manipulation, TensorFlow Lite schema handling, TensorFlow installation and configuration, TensorFlow version (r1.1), Testing (`assert_array_equal`), Testing frameworks (pytest)"
23827,"CUDA/CuDNN library management, Error handling and debugging, Python programming, Virtual environment setup"
24248,"TensorFlow Lite schema handling, TensorFlow installation and configuration, TensorFlow version (r1.1), Testing and validation of numerical computations, Testing frameworks (pytest), Testing**, Writing and debugging Python code"
61823,"Path management, System commands, Version control (Git)"
23790,"Bug fixing, Code review, Collaboration on code changes through pull requests, Debugging issues related to memory allocation, Master and worker nodes, PS (Parameter Server), Pull request handling, Pull request submission, Repository management, Shared file stream handling, Testing and validation of numerical computations, Version control (Git)"
24086,"TensorFlow Lite development, TensorFlow Lite model manipulation, TensorFlow Lite schema handling, TensorFlow installation and configuration, Testing frameworks (pytest), Writing and debugging Python code"
23522,"Bazel build system, Debugging issues related to memory allocation, Error handling and debugging, Freeze Graph utility, Git version control system, Python programming, Python version (python 3.5), TFLite conversion, TensorFlow Lite schema handling, TensorFlow installation and configuration, TensorFlow version (r1.11.0)"
24255,"Compiler directives, Dependency Management (`compile` to `implementation`), Dependency management, Gradle Plugin Updates, Java 8 Features, Java Version Compatibility, Job configuration, Kotlin Compiler Disabling, Min SDK Version Handling, Plugin usage, Repository management, Testing frameworks (pytest), Version control (Git), Version management, Virtual environment setup"
24158,"Neural network operations legalization, TensorFlow Lite development, TensorFlow Lite model manipulation, TensorFlow Lite schema handling, TensorFlow installation and configuration, TensorFlow version (r1.1)"
24203,"Code review, Collaboration on code changes through pull requests, Pull Request Submission, Python documentation generation, Python programming, Repository management, Testing and validation of numerical computations, Testing frameworks (pytest), Version control (Git)"
24060,"CPU vs GPU usage in TensorFlow, Compatibility issues, Debugging issues related to memory allocation, Environment setup, Hardware Information, Python programming, Python version management, System Information, Version control (Git)"
89337,"TensorFlow Lite schema handling, TensorFlow installation and configuration, Testing, Testing (`assert_array_equal`), Testing and validation of numerical computations, Testing frameworks (pytest), Writing unit tests"
89337,"TensorFlow Lite schema handling, TensorFlow installation and configuration, Testing, Testing (`assert_array_equal`), Testing and validation of numerical computations, Testing frameworks (pytest), Writing unit tests"
24028,"Bazel build system, Custom estimator creation, Debugging, Git, Git version control system, Git**, GitHub Actions CI/CD tool, Logging and debugging, Loss calculation, Model training and evaluation, PyTest, Python, Python 2.7.12, Python documentation generation, Python extension modules, Python packaging standards (PEP 517), Python testing frameworks, Python virtual environments, Python**, TensorFlow Lite, TensorFlow Lite hardware acceleration integration, TensorFlow Lite model compression, TensorFlow Lite model conversion, TensorFlow Lite model deployment, TensorFlow Lite model evaluation, TensorFlow Lite model export, TensorFlow Lite model inference, TensorFlow Lite model optimization, TensorFlow Lite model pruning, TensorFlow Lite model quantization, TensorFlow Lite operations legalization, TensorFlow Lite schema handling, TensorFlow estimator train_and_evaluate, TensorFlow installation and configuration, TensorFlow version (r1.1), TensorFlow version compatibility, Version control (Git), Version management"
24011,"TensorFlow, TensorFlow Lite development, TensorFlow Lite model manipulation, TensorFlow Lite schema handling, TensorFlow installation and configuration, Testing and validation of numerical computations, Testing frameworks (pytest), Type Checking Tools**, Vectorization"
24168,"Dependency management, Version management"
24010,"Code documentation, Code modification, Code optimization"
24059,"TensorFlow Lite bug reporting, TensorFlow Lite community engagement, TensorFlow Lite deployment, TensorFlow Lite hardware acceleration integration, TensorFlow Lite operations legalization, TensorFlow Lite performance optimization, TensorFlow Lite profiling, TensorFlow Lite schema handling, TensorFlow Lite version compatibility"
23838,"Code changes, Code documentation, Code modification, Code optimization, Code patching, Code review, Collaboration on code changes through pull requests, Debugging, Debugging issues related to memory allocation, Neural network hardware acceleration integration, Profiling and performance analysis, Pull Requests (PRs), Repository management, TensorFlow Lite development, TensorFlow Lite model manipulation, TensorFlow Lite schema handling, TensorFlow installation and configuration, TensorFlow version (r1.1), Testing (`assert_array_equal`), Testing and validation of numerical computations, Testing frameworks (pytest), Version control (Git)"
24023,"Debugging, Error handling, GPU Support, Jupyter Notebook, Python version management, TensorFlow Lite development, TensorFlow Lite model manipulation, TensorFlow Lite schema handling, TensorFlow installation and configuration, TensorFlow version (r1.1)"
24026,"Conversion of models to TensorFlow Lite, Custom implementation for operators, Operator support in TensorFlow Lite, TensorFlow Lite schema handling, TensorFlow installation and configuration, TensorFlow version (r1.1), Testing frameworks (pytest)"
23056,"Collection management, Concurrent execution, Dataset operations, Debugging, Debugging issues related to memory allocation, Exception Handling, Exception handling, Exception management, GPU utilization, Gradient descent optimization, Input pipeline, Losses collection, Memory Management, Memory Space Handling, Memory management, Memory-mapped files, MirroredStrategy, Model training, Multithreading, Python, Python programming language, Python testing frameworks, Python version management, Python virtual environments, TensorFlow Estimator API, TensorFlow Lite schema handling, TensorFlow community support, TensorFlow documentation, TensorFlow installation and configuration, TensorFlow version (r1.1), TensorFlow version compatibility, Testing, Testing (`assert_array_equal`), Testing and validation of numerical computations, Testing frameworks (pytest), Testing**, Thread synchronization, Thread-local storage, Threading and parallelism"
23964,"Android NDK, Array manipulation, C++ programming, Cross-compilation, Math operations, TensorFlow Lite schema handling, TensorFlow installation and configuration, TensorFlow version (r1.1), Third-party libraries integration"
24004,"Build/Install Issues, Dependency Management (`compile` to `implementation`), Dependency management, File operations, Git, Git version control system, Pull Request Submission, Pull Requests (PRs), Testing frameworks (pytest), Version control (Git)"
23793,"Dependency management, Environment setup, Error handling, Module management, Running scripts with specific environments"
89210,"TensorFlow Lite, TensorFlow Lite development, TensorFlow Lite model manipulation, TensorFlow Lite schema handling"
89210,"TensorFlow Lite, TensorFlow Lite development, TensorFlow Lite model manipulation, TensorFlow Lite schema handling"
23619,"Debugging, Error handling, TensorFlow Lite development, TensorFlow Lite model manipulation, TensorFlow Lite schema handling, TensorFlow installation and configuration, TensorFlow version (r1.1), Testing, Testing and validation of numerical computations, Testing frameworks (pytest), Writing and debugging Python code"
23909,"TensorFlow Lite schema handling, Testing frameworks (pytest), Writing unit tests"
28599,"Bug fixing, Code documentation, Code optimization, Code refactoring, Code review, Collaboration on code changes through pull requests, Flags handling, Memory management, Pull Request Submission, Testing, Version control (Git), Writeable flag"
28446,"Type casting, Type hinting"
28446,"Type casting, Type hinting"
28570,"Testing, Testing (`assert_array_equal`), Testing and validation of numerical computations, Testing frameworks (pytest), Version control (Git), Virtual environments, Writing and debugging Python code, Writing unit tests"
14925,"Debugging, Error handling, Testing, Testing frameworks (pytest), UFuncs, Vector-Matrix operations, Vectorization, Writing and debugging Python code"
27786,"Array manipulation, Benchmarking, CPU vs GPU usage in TensorFlow, Code documentation, Code optimization, Code review, Collaboration on code changes through pull requests, Concurrency, Debugging, Memory management, Optimization techniques for neural networks, Profiling, Pull Request Submission, Python dependency resolution, Python extension modules, Python programming language, Python testing frameworks, Python version management, Python virtual environments, Repository management, SIMD extensions, Testing and validation of numerical computations, Testing frameworks (pytest), Thread Sanitizer, Vectorization, Vectorized operations, Version control (Git)"
19013,"ABI compatibility, Collaboration on code changes through pull requests, Data interchange, Pull Request Submission, Python documentation generation, Testing frameworks (pytest), Version control (Git)"
19013,"ABI compatibility, Collaboration on code changes through pull requests, Data interchange, Pull Request Submission, Python documentation generation, Testing frameworks (pytest), Version control (Git)"
19013,"ABI compatibility, Collaboration on code changes through pull requests, Data interchange, Pull Request Submission, Python documentation generation, Testing frameworks (pytest), Version control (Git)"
28400,"Arithmetic Operations, Array Manipulation, Data Types, Exception Handling, NumPy library development, Performance optimization, Python programming, Testing, Version Control"
28400,"Arithmetic Operations, Array Manipulation, Data Types, Exception Handling, NumPy library development, Performance optimization, Python programming, Testing, Version Control"
28504,"Testing, Testing (`assert_array_equal`), Version Control (Git), Writing and debugging Python code"
28440,"Ensuring clarity and completeness in documentation, Pull Request Submission, Pull Requests (PRs)"
28493,"Bug reporting, Code execution, Code modification, Code review, Debugging, Dependency management, Docstring writing, Git, Git version control system, GitHub issues, Issue reproduction, Libraries (NumPy), Matplotlib, NumPy documentation, NumPy functions, NumPy testing, Pull requests, Python, Python testing frameworks, Regression testing, Testing, Testing frameworks (pytest), Version control, Version management"
28479,"Code documentation, Debugging, Exception handling, Memory management, Python programming, Testing, Version control (Git)"
27183,"Build system customization (e.g., Bazel), Compiler directives, Compiler plugin development, Python programming, Testing and validation of numerical computations, Testing frameworks (pytest), Writing and debugging Python code, Writing technical documentation"
28434,"Code documentation, Debugging issues related to memory allocation, Function pointers, Macros, Prototypes, Software development, Technical writing"
28412,"Automated testing, Bug reporting, Continuous Integration/Continuous Deployment (CI/CD), Issue tracking, Repository management, Testing frameworks (pytest), Version control (Git), Wheel building"
28405,"Build System Customization, Build Tool Versions, CI/CD Integration, Compiler Directives, Environment Setup, GCC Compiler, Linker Issues, Memory Management, Platform-Specific Issues, Python Extension Modules, QEMU Emulation"
28405,"Build System Customization, Build Tool Versions, CI/CD Integration, Compiler Directives, Environment Setup, GCC Compiler, Linker Issues, Memory Management, Platform-Specific Issues, Python Extension Modules, QEMU Emulation"
28354,"Python programming, Python testing frameworks, Testing (`assert_array_equal`), Type casting, Type checking tools (e.g., MyPy), Type hinting, UFuncs, Vector-Matrix operations, Vectorization, Writing and debugging Python code"
28354,"Python programming, Python testing frameworks, Testing (`assert_array_equal`), Type casting, Type checking tools (e.g., MyPy), Type hinting, UFuncs, Vector-Matrix operations, Vectorization, Writing and debugging Python code"
28402,"Ensuring clarity and completeness in documentation, Familiarity with numpy library, Generating documentation, Maintaining technical documentation, Reviewing documentation, Updating documentation to reflect changes in codebase"
22237,"Code optimization, Testing, Type casting, Version control (Git)"
22237,"Code optimization, Testing, Type casting, Version control (Git)"
27932,"Build/Install Issues, C/C++ programming, Compiler directives, Debugging, Dependency management, Docker containerization platform, Error handling, File operations, Git, Git version control system, GitHub Actions CI/CD tool, Linux, Memory management, NumPy, NumPy library, OpenBLAS, Python, Python 3.12, Python extension modules, Python virtual environments, Software development, System administration, Testing, Version control (Git), Virtual environments"
15986,"Python testing frameworks, Testing, Testing (`assert_array_equal`)"
28315,"Bug reporting, Data types (`dtype`), Debugging, Maximum rows, Python programming, Reproducible examples, Skipping rows, Testing frameworks (pytest), Version control (Git)"
28315,"Bug reporting, Data types (`dtype`), Debugging, Maximum rows, Python programming, Reproducible examples, Skipping rows, Testing frameworks (pytest), Version control (Git)"
25626,"ARM architecture, NumPy library, Python extension modules, Python version management, Testing frameworks (pytest), Version control (Git), Windows operating system"
28316,"Data types, Debugging, Deprecation warnings, Memory management, Object dtype, Python version management, Scalar types, StringDType, Testing (`assert_array_equal`), Testing frameworks (pytest), Version control (Git)"
26910,"Git version control system, Hardware-assisted Address Sanitizer (HWASan), Meson build system, NumPy library, Python programming, Testing frameworks (pytest), Version control (Git)"
28048,"NumPy, Python, Testing, Version Control"
28048,"NumPy, Python, Testing, Version Control"
28269,"Bug reporting, Issue reproduction, StringDType, Testing frameworks (pytest), Type casting, Type checking tools (e.g., MyPy), Type hinting, Version control (Git)"
28267,"NumPy, Python, Testing, UFuncs"
28256,"NumPy, Overload Ambiguity Fixes, Overloaded Methods, Python Version Management, Testing (`assert_array_equal`), Type Annotations"
27342,"Array manipulation, Broadcasting, Code documentation, Code modification, Code optimization, Exception handling, Pull Request Submission, Pull Requests (PRs), Testing, Unit testing"
25969,"Browser-based computing, Collaboration on documentation projects, Deployment of documentation, Feature enhancements, Interactive coding environments, Jupyter Notebook integration, Pull request submission, Pyodide library, Repository management, Testing and validation of documentation features, User feedback collection, Version control (Git), Wasm-based kernels, Web-based development tools"
28239,"NumPy library, Python, Python programming language, Static type checking, Testing frameworks (pytest)"
28106,"Compiler plugin development, Debugging, Dependency management, Environment setup, Git, GitHub Actions CI/CD tool, Meson build system, NumPy, NumPy library development, Python, Python extension modules, Python virtual environments, Software development, System administration, Version control (Git), Windows operating system, X86 assembly language"
28157,"Assert statement, Assertion errors, Debugging, NaN handling, Python version management, Runtime errors, Testing frameworks (pytest), Type casting, Type checking tools (e.g., MyPy), Type hinting, Type promotion, Version control (Git), Version management"
27983,"Function pointers, Overloaded Methods**, Overloading functions, Overloading methods, Pull Request Submission, Pull Requests (PRs), Testing, Testing (`assert_array_equal`)"
28197,"Array manipulation, Broadcasting, C backtraces, CPython internals, Debugging, Free-threaded builds, Memory corruption detection, Memory management, Python extension modules, Python testing frameworks, Python version management, Reproducible bug reports, Stack traces, Thread synchronization"
28054,"Pull Requests (PRs), Testing frameworks (pytest), Type Checking Tools**, Type checking tools (e.g., MyPy), Type hinting, Version Control**"
28068,"Array manipulation, Error handling, GDB debugging, Memory management, Numeric computing, Padding, Python extension modules, Python version compatibility, Stack traces, String formatting"
28068,"Array manipulation, Error handling, GDB debugging, Memory management, Numeric computing, Padding, Python extension modules, Python version compatibility, Stack traces, String formatting"
28190,"Array manipulation, Data types, Debugging, Debugging issues related to memory allocation, Memory management, Performance optimization, Python programming, Testing, Testing frameworks (pytest), Version control (Git)"
28014,"Bug reporting, Code modification, Compilation, Debugging, Dependency management, Error handling, Integration with third-party libraries, Python extension modules, Python testing frameworks, Python version management, Python virtual environments, Regression testing, Testing, Testing and validation of numerical computations, Testing frameworks (pytest)"
25207,"Exception handling, Testing, Testing (`assert_array_equal`), Testing F2PY functionality, Testing and validation of numerical computations, Writing Fortran modules, Writing and debugging Python code, Writing unit tests"
28162,"NumPy, NumPy library, Python, Python programming language, Python testing frameworks, Testing (`assert_array_equal`), Type Checking Tools (e.g., MyPy), Type Promotion, Type Variables"
28143,"NumPy, Python, Thread Sanitizer, Type Checking Tools, Version Control, Writing and debugging Python code"
28042,"Multithreading, NumPy, Python, Testing, Thread Sanitizer, Version Control (Git)"
28122,"Build system customization (e.g., Bazel), Environment setup, Integration with Fortran code via F2PY, Python extension modules, Testing and validation of numerical computations, Testing frameworks (pytest), Version control (Git), Virtual environment setup, Writing and debugging Python code"
23070,"Compilation and linking, Cython compiler, Debugging, Debugging issues related to memory allocation, Error handling and debugging, Handling exceptions, Python extension modules, Python programming, Python testing frameworks, Repository management, Testing (`assert_array_equal`), Testing and validation of numerical computations, Testing frameworks (pytest), Version control (Git)"
25273,"Environment setup, Git, GitHub Actions CI/CD tool, Installation issues, Library management, Module imports, Python extension modules, Testing frameworks (pytest), Version control (Git)"
8579,"Array manipulation, Broadcasting, Code documentation, Code optimization, Code refactoring, Code review, Collaboration on code changes through pull requests, Performance optimization, Pull Request Submission, Pull Requests (PRs), Python documentation generation, Python programming, Python testing frameworks, Testing, Testing frameworks (pytest), Writing unit tests"
20099,"Type hinting, UFuncs"
22631,"Code documentation, Code modification, Code optimization, Debugging, Python programming, Python version management, Testing frameworks (pytest), Type annotations, Type casting, Type promotion"
27957,Testing Frameworks
27965,"Type Variables, Type casting, Type checking tools (e.g., MyPy), Type hinting, Type promotion"
28071,"NumPy, NumPy library, Python, Python programming language, Python testing frameworks, Testing (`assert_array_equal`), Type Variables, Type casting, Type checking tools (e.g., MyPy), Type promotion"
28093,"Importing modules, Referring to specific libraries (NumPy, MaskedArray), Updating documentation to reflect correct usage"
28061,"Moving documentation sections, Technical writing"
28061,"Moving documentation sections, Technical writing"
28087,"Build, Build Artifacts, Build Automation Tools, Build Environment Configuration, Build Environment Setup, Build Logs Analysis, Build Process Customization, Build Scripts, Build System Commands, Build System Configuration, Build System Configuration Files, Build System Dependencies, Build System Error Aggregation, Build System Error Categories, Build System Error Confirmation, Build System Error Confirmation Mechanisms, Build System Error Correction, Build System Error Correction Accessibility, Build System Error Correction Algorithms, Build System Error Correction Approaches, Build System Error Correction Artificial Intelligence, Build System Error Correction Auditing, Build System Error Correction Availability, Build System Error Correction Backup and Restore, Build System Error Correction Benchmarking, Build System Error Correction Best Practices, Build System Error Correction Blockchain, Build System Error Correction Business Continuity, Build System Error Correction Business Continuity Plan, Build System Error Correction Capacity Planning, Build System Error Correction Change Management, Build System Error Correction Clouds, Build System Error Correction Compliance, Build System Error Correction Computer Vision, Build System Error Correction Congestion Control, Build System Error Correction Continuous Improvement, Build System Error Correction Cryptography, Build System Error Correction Data Centers, Build System Error Correction Decision Making, Build System Error Correction Deep Learning, Build System Error Correction Deployment Management, Build System Error Correction Disaster Recovery, Build System Error Correction Disaster Recovery Plan, Build System Error Correction Edge Computing, Build System Error Correction Efficiency, Build System Error Correction Environments, Build System Error Correction Fault Tolerance, Build System Error Correction Feedback Loop, Build System Error Correction Frameworks, Build System Error Correction Guidelines, Build System Error Correction Heuristics, Build System Error Correction Hints, Build System Error Correction Incident Response, Build System Error Correction Internet of Things, Build System Error Correction Libraries, Build System Error Correction Load Balancing, Build System Error Correction Load Testing, Build System Error Correction Logging, Build System Error Correction Machine Learning, Build System Error Correction Maintenance Management, Build System Error Correction Mechanisms, Build System Error Correction Methods, Build System Error Correction Monitoring, Build System Error Correction Natural Language Processing, Build System Error Correction Network Topology, Build System Error Correction Networks, Build System Error Correction Patterns, Build System Error Correction Penetration Testing, Build System Error Correction Performance, Build System Error Correction Plans, Build System Error Correction Platforms, Build System Error Correction Privacy, Build System Error Correction Problem Solving, Build System Error Correction Procedures, Build System Error Correction Profiling, Build System Error Correction Programs, Build System Error Correction Project Management, Build System Error Correction Protocols, Build System Error Correction Quality of Service, Build System Error Correction Quantum Computing, Build System Error Correction Recommendations, Build System Error Correction Redundancy, Build System Error Correction Release Management, Build System Error Correction Reliability, Build System Error Correction Risk Assessment, Build System Error Correction Risk Assessment Plan, Build System Error Correction Robotics, Build System Error Correction Root Cause Analysis, Build System Error Correction Routing Algorithms, Build System Error Correction Scalability, Build System Error Correction Scripts, Build System Error Correction Security, Build System Error Correction Security Policies, Build System Error Correction Standards, Build System Error Correction Steps, Build System Error Correction Strategies, Build System Error Correction Strategy Development, Build System Error Correction Stress Testing, Build System Error Correction Systems, Build System Error Correction Techniques, Build System Error Correction Threat Modeling, Build System Error Correction Tips, Build System Error Correction Tools, Build System Error Correction Tracing, Build System Error Correction Tricks, Build System Error Correction Usability, Build System Error Correction Utilities, Build System Error Correction Vulnerability Scanning, Build System Error Diagnosis, Build System Error Diagnosis Accessibility, Build System Error Diagnosis Algorithms, Build System Error Diagnosis Approaches, Build System Error Diagnosis Artificial Intelligence, Build System Error Diagnosis Auditing, Build System Error Diagnosis Availability, Build System Error Diagnosis Backup and Restore, Build System Error Diagnosis Benchmarking, Build System Error Diagnosis Best Practices, Build System Error Diagnosis Blockchain, Build System Error Diagnosis Business Continuity, Build System Error Diagnosis Business Continuity Plan, Build System Error Diagnosis Capacity Planning, Build System Error Diagnosis Change Management, Build System Error Diagnosis Clouds, Build System Error Diagnosis Compliance, Build System Error Diagnosis Computer Vision, Build System Error Diagnosis Congestion Control, Build System Error Diagnosis Continuous Improvement, Build System Error Diagnosis Cryptography, Build System Error Diagnosis Data Centers, Build System Error Diagnosis Decision Making, Build System Error Diagnosis Deep Learning, Build System Error Diagnosis Deployment Management, Build System Error Diagnosis Disaster Recovery, Build System Error Diagnosis Disaster Recovery Plan, Build System Error Diagnosis Edge Computing, Build System Error Diagnosis Efficiency, Build System Error Diagnosis Environments, Build System Error Diagnosis Fault Tolerance, Build System Error Diagnosis Feedback Loop, Build System Error Diagnosis Frameworks, Build System Error Diagnosis Guidelines, Build System Error Diagnosis Heuristics, Build System Error Diagnosis Hints, Build System Error Diagnosis Incident Response, Build System Error Diagnosis Internet of Things, Build System Error Diagnosis Libraries, Build System Error Diagnosis Load Balancing, Build System Error Diagnosis Load Testing, Build System Error Diagnosis Logging, Build System Error Diagnosis Machine Learning, Build System Error Diagnosis Maintenance Management, Build System Error Diagnosis Methods, Build System Error Diagnosis Monitoring, Build System Error Diagnosis Natural Language Processing, Build System Error Diagnosis Network Topology, Build System Error Diagnosis Networks, Build System Error Diagnosis Patterns, Build System Error Diagnosis Penetration Testing, Build System Error Diagnosis Performance, Build System Error Diagnosis Plans, Build System Error Diagnosis Platforms, Build System Error Diagnosis Privacy, Build System Error Diagnosis Problem Solving, Build System Error Diagnosis Profiling, Build System Error Diagnosis Programs, Build System Error Diagnosis Project Management, Build System Error Diagnosis Protocols, Build System Error Diagnosis Quality of Service, Build System Error Diagnosis Quantum Computing, Build System Error Diagnosis Recommendations, Build System Error Diagnosis Redundancy, Build System Error Diagnosis Release Management, Build System Error Diagnosis Reliability, Build System Error Diagnosis Risk Assessment, Build System Error Diagnosis Risk Assessment Plan, Build System Error Diagnosis Robotics, Build System Error Diagnosis Root Cause Analysis, Build System Error Diagnosis Routing Algorithms, Build System Error Diagnosis Scalability, Build System Error Diagnosis Scripts, Build System Error Diagnosis Security, Build System Error Diagnosis Security Policies, Build System Error Diagnosis Standards, Build System Error Diagnosis Steps, Build System Error Diagnosis Strategies, Build System Error Diagnosis Strategy Development, Build System Error Diagnosis Stress Testing, Build System Error Diagnosis Systems, Build System Error Diagnosis Techniques, Build System Error Diagnosis Threat Modeling, Build System Error Diagnosis Tips, Build System Error Diagnosis Tools, Build System Error Diagnosis Tracing, Build System Error Diagnosis Tricks, Build System Error Diagnosis Usability, Build System Error Diagnosis Utilities, Build System Error Diagnosis Vulnerability Scanning, Build System Error Filtering, Build System Error Handling Strategies, Build System Error Identification, Build System Error Identification Accessibility, Build System Error Identification Algorithms, Build System Error Identification Approaches, Build System Error Identification Artificial Intelligence, Build System Error Identification Auditing, Build System Error Identification Availability, Build System Error Identification Backup and Restore, Build System Error Identification Benchmarking, Build System Error Identification Best Practices, Build System Error Identification Blockchain, Build System Error Identification Business Continuity, Build System Error Identification Business Continuity Plan, Build System Error Identification Capacity Planning, Build System Error Identification Change Management, Build System Error Identification Clouds, Build System Error Identification Compliance, Build System Error Identification Computer Vision, Build System Error Identification Congestion Control, Build System Error Identification Continuous Improvement, Build System Error Identification Cryptography, Build System Error Identification Data Centers, Build System Error Identification Decision Making, Build System Error Identification Deep Learning, Build System Error Identification Deployment Management, Build System Error Identification Disaster Recovery, Build System Error Identification Disaster Recovery Plan, Build System Error Identification Edge Computing, Build System Error Identification Efficiency, Build System Error Identification Environments, Build System Error Identification Fault Tolerance, Build System Error Identification Feedback Loop, Build System Error Identification Frameworks, Build System Error Identification Guidelines, Build System Error Identification Heuristics, Build System Error Identification Hints, Build System Error Identification Incident Response, Build System Error Identification Internet of Things, Build System Error Identification Libraries, Build System Error Identification Load Balancing, Build System Error Identification Load Testing, Build System Error Identification Logging, Build System Error Identification Machine Learning, Build System Error Identification Maintenance Management, Build System Error Identification Methods, Build System Error Identification Monitoring, Build System Error Identification Natural Language Processing, Build System Error Identification Network Topology, Build System Error Identification Networks, Build System Error Identification Patterns, Build System Error Identification Penetration Testing, Build System Error Identification Performance, Build System Error Identification Plans, Build System Error Identification Platforms, Build System Error Identification Privacy, Build System Error Identification Problem Solving, Build System Error Identification Processes, Build System Error Identification Profiling, Build System Error Identification Programs, Build System Error Identification Project Management, Build System Error Identification Protocols, Build System Error Identification Quality of Service, Build System Error Identification Quantum Computing, Build System Error Identification Recommendations, Build System Error Identification Redundancy, Build System Error Identification Release Management, Build System Error Identification Reliability, Build System Error Identification Risk Assessment, Build System Error Identification Risk Assessment Plan, Build System Error Identification Robotics, Build System Error Identification Root Cause Analysis, Build System Error Identification Routing Algorithms, Build System Error Identification Scalability, Build System Error Identification Scripts, Build System Error Identification Security, Build System Error Identification Security Policies, Build System Error Identification Standards, Build System Error Identification Strategies, Build System Error Identification Strategy Development, Build System Error Identification Stress Testing, Build System Error Identification Systems, Build System Error Identification Techniques, Build System Error Identification Threat Modeling, Build System Error Identification Tips, Build System Error Identification Tools, Build System Error Identification Tracing, Build System Error Identification Tricks, Build System Error Identification Usability, Build System Error Identification Utilities, Build System Error Identification Vulnerability Scanning, Build System Error Messages, Build System Error Mitigation, Build System Error Mitigation Accessibility, Build System Error Mitigation Algorithms, Build System Error Mitigation Approaches, Build System Error Mitigation Artificial Intelligence, Build System Error Mitigation Auditing, Build System Error Mitigation Availability, Build System Error Mitigation Backup and Restore, Build System Error Mitigation Benchmarking, Build System Error Mitigation Best Practices, Build System Error Mitigation Blockchain, Build System Error Mitigation Business Continuity, Build System Error Mitigation Business Continuity Plan, Build System Error Mitigation Capacity Planning, Build System Error Mitigation Change Management, Build System Error Mitigation Clouds, Build System Error Mitigation Compliance, Build System Error Mitigation Computer Vision, Build System Error Mitigation Congestion Control, Build System Error Mitigation Continuous Improvement, Build System Error Mitigation Cryptography, Build System Error Mitigation Data Centers, Build System Error Mitigation Decision Making, Build System Error Mitigation Deep Learning, Build System Error Mitigation Deployment Management, Build System Error Mitigation Disaster Recovery, Build System Error Mitigation Disaster Recovery Plan, Build System Error Mitigation Edge Computing, Build System Error Mitigation Efficiency, Build System Error Mitigation Environments, Build System Error Mitigation Fault Tolerance, Build System Error Mitigation Feedback Loop, Build System Error Mitigation Frameworks, Build System Error Mitigation Guidelines, Build System Error Mitigation Heuristics, Build System Error Mitigation Hints, Build System Error Mitigation Incident Response, Build System Error Mitigation Internet of Things, Build System Error Mitigation Libraries, Build System Error Mitigation Load Balancing, Build System Error Mitigation Load Testing, Build System Error Mitigation Logging, Build System Error Mitigation Machine Learning, Build System Error Mitigation Maintenance Management, Build System Error Mitigation Mechanisms, Build System Error Mitigation Methods, Build System Error Mitigation Monitoring, Build System Error Mitigation Natural Language Processing, Build System Error Mitigation Network Topology, Build System Error Mitigation Networks, Build System Error Mitigation Patterns, Build System Error Mitigation Penetration Testing, Build System Error Mitigation Performance, Build System Error Mitigation Plans, Build System Error Mitigation Platforms, Build System Error Mitigation Privacy, Build System Error Mitigation Problem Solving, Build System Error Mitigation Profiling, Build System Error Mitigation Programs, Build System Error Mitigation Project Management, Build System Error Mitigation Protocols, Build System Error Mitigation Quality of Service, Build System Error Mitigation Quantum Computing, Build System Error Mitigation Recommendations, Build System Error Mitigation Redundancy, Build System Error Mitigation Release Management, Build System Error Mitigation Reliability, Build System Error Mitigation Risk Assessment, Build System Error Mitigation Robotics, Build System Error Mitigation Root Cause Analysis, Build System Error Mitigation Routing Algorithms, Build System Error Mitigation Scalability, Build System Error Mitigation Scripts, Build System Error Mitigation Security, Build System Error Mitigation Security Policies, Build System Error Mitigation Standards, Build System Error Mitigation Steps, Build System Error Mitigation Strategies, Build System Error Mitigation Strategy Development, Build System Error Mitigation Stress Testing, Build System Error Mitigation Systems, Build System Error Mitigation Techniques, Build System Error Mitigation Threat Modeling, Build System Error Mitigation Tips, Build System Error Mitigation Tools, Build System Error Mitigation Tracing, Build System Error Mitigation Tricks, Build System Error Mitigation Usability, Build System Error Mitigation Utilities, Build System Error Mitigation Vulnerability Scanning, Build System Error Presentation, Build System Error Prevention, Build System Error Prevention Accessibility, Build System Error Prevention Algorithms, Build System Error Prevention Approaches, Build System Error Prevention Artificial Intelligence, Build System Error Prevention Auditing, Build System Error Prevention Availability, Build System Error Prevention Backup and Restore, Build System Error Prevention Benchmarking, Build System Error Prevention Best Practices, Build System Error Prevention Blockchain, Build System Error Prevention Business Continuity, Build System Error Prevention Business Continuity Plan, Build System Error Prevention Capacity Planning, Build System Error Prevention Change Management, Build System Error Prevention Clouds, Build System Error Prevention Compliance, Build System Error Prevention Computer Vision, Build System Error Prevention Congestion Control, Build System Error Prevention Continuous Improvement, Build System Error Prevention Cryptography, Build System Error Prevention Data Centers, Build System Error Prevention Decision Making, Build System Error Prevention Deep Learning, Build System Error Prevention Deployment Management, Build System Error Prevention Disaster Recovery, Build System Error Prevention Disaster Recovery Plan, Build System Error Prevention Edge Computing, Build System Error Prevention Efficiency, Build System Error Prevention Environments, Build System Error Prevention Fault Tolerance, Build System Error Prevention Feedback Loop, Build System Error Prevention Frameworks, Build System Error Prevention Guidelines, Build System Error Prevention Heuristics, Build System Error Prevention Hints, Build System Error Prevention Incident Response, Build System Error Prevention Internet of Things, Build System Error Prevention Libraries, Build System Error Prevention Load Balancing, Build System Error Prevention Load Testing, Build System Error Prevention Logging, Build System Error Prevention Machine Learning, Build System Error Prevention Maintenance Management, Build System Error Prevention Measures, Build System Error Prevention Mechanisms, Build System Error Prevention Methods, Build System Error Prevention Monitoring, Build System Error Prevention Natural Language Processing, Build System Error Prevention Network Topology, Build System Error Prevention Networks, Build System Error Prevention Patterns, Build System Error Prevention Penetration Testing, Build System Error Prevention Performance, Build System Error Prevention Plans, Build System Error Prevention Platforms, Build System Error Prevention Privacy, Build System Error Prevention Problem Solving, Build System Error Prevention Profiling, Build System Error Prevention Programs, Build System Error Prevention Project Management, Build System Error Prevention Protocols, Build System Error Prevention Quality of Service, Build System Error Prevention Quantum Computing, Build System Error Prevention Recommendations, Build System Error Prevention Redundancy, Build System Error Prevention Release Management, Build System Error Prevention Reliability, Build System Error Prevention Risk Assessment, Build System Error Prevention Risk Assessment Plan, Build System Error Prevention Robotics, Build System Error Prevention Root Cause Analysis, Build System Error Prevention Routing Algorithms, Build System Error Prevention Scalability, Build System Error Prevention Scripts, Build System Error Prevention Security, Build System Error Prevention Security Policies, Build System Error Prevention Standards, Build System Error Prevention Steps, Build System Error Prevention Strategies, Build System Error Prevention Strategy Development, Build System Error Prevention Stress Testing, Build System Error Prevention Systems, Build System Error Prevention Techniques, Build System Error Prevention Threat Modeling, Build System Error Prevention Tips, Build System Error Prevention Tools, Build System Error Prevention Tracing, Build System Error Prevention Tricks, Build System Error Prevention Usability, Build System Error Prevention Utilities, Build System Error Prevention Vulnerability Scanning, Build System Error Recovery, Build System Error Reporting Mechanisms, Build System Error Resolution, Build System Error Severity, Build System Error Suppression, Build System Error Validation, Build System Error Validation Techniques, Build System Error Verification, Build System Hooks, Build System Integration, Build System Macros, Build System Rules, Build System Targets, Build System Variables, C++ Programming, Compiler Architecture, Compiler Behavior, Compiler Bugs, Compiler Directives, Compiler Error Codes, Compiler Error Context, Compiler Error Handling, Compiler Error Locations, Compiler Error Messages, Compiler Error Reporting, Compiler Flags, Compiler Invocation, Compiler Linker Options, Compiler Optimization Options, Compiler Output, Compiler Plugins, Compiler Preprocessor Directives, Compiler Target Selection, Compiler Version Compatibility, Compiler Warnings, Cross-Platform Development, Debugging Techniques, Debugging Tools, Error Handling, Macro Expansion, Memory Management, Template Metaprogramming"
27995,"NumPy, NumPy library, Testing, Testing frameworks (pytest)"
28057,"Function Overloading, Mypy, Overloaded Methods**, Overloading functions, Overloading methods, Protocol (e.g., Buffer Protocol), Protocol classes, Protocol definition, PyTest, Python dependency resolution, Python documentation, Python documentation generation, Python extension modules, Python packaging standards (PEP 517), Python programming, Python programming language, Python testing frameworks, Python version (Python 2.7), Python version compatibility, Python version management, Python virtual environments, Static type checking, Testing, Testing (`assert_array_equal`), Testing and validation of numerical computations, Testing frameworks (pytest), Type Annotations, Type Variables, Type hinting, Type promotion, TypeVar, Typing Extensions"
28057,"Function Overloading, Mypy, Overloaded Methods**, Overloading functions, Overloading methods, Protocol (e.g., Buffer Protocol), Protocol classes, Protocol definition, PyTest, Python dependency resolution, Python documentation, Python documentation generation, Python extension modules, Python packaging standards (PEP 517), Python programming, Python programming language, Python testing frameworks, Python version (Python 2.7), Python version compatibility, Python version management, Python virtual environments, Static type checking, Testing, Testing (`assert_array_equal`), Testing and validation of numerical computations, Testing frameworks (pytest), Type Annotations, Type Variables, Type hinting, Type promotion, TypeVar, Typing Extensions"
28038,"NumPy, Python Programming, Python Version Management, Static Type Checking, Type Errors"
28019,"Debugging, Documentation Updates, Testing Frameworks (pytest)"
28019,"Debugging, Documentation Updates, Testing Frameworks (pytest)"
27953,"Debug mode, Free threading, Memory management, Memory mapping (`np.memmap`), Memory space handling, Memory-mapped files, NumPy library, NumPy library development, NumPy**, Numpy Arrays, Numpy library, Python documentation generation, Python extension modules, Python packaging standards (PEP 517), Python programming language, Python testing frameworks, Python version management, Python virtual environments, Python**, Testing frameworks (pytest), Version control (Git)"
28012,Ensuring clarity and completeness in documentation
27984,"Array Manipulation, Bug Reporting, Data Types, NumPy Development, Python Programming Language, Python Version Compatibility, Testing Frameworks (pytest), Type Checking Tools (MyPy), Version Control (Git)"
27964,"Testing (`assert_array_equal`), Testing Frameworks, UFuncs"
26727,"Editing Markdown files for documentation purposes, Familiarity with numpy library, Linking to external resources, Technical writing"
27979,"Ensuring clarity and completeness in documentation, Explaining how different versions of libraries interact, Understanding ABI (Application Binary Interface) compatibility, Understanding CPython's stable ABI, Writing and maintaining technical documentation"
27461,"Code documentation, Data structure manipulation (e.g., arrays), Function Overloading, Function pointers, Functions (`np.bincount`), NumPy, NumPy library, NumPy library development, Parameter unpacking, Testing, Testing (`assert_array_equal`)"
27637,"Debugging, Debugging issues related to memory allocation, Exception Handling, Function Overloading, Function pointers, Functions (`np.bincount`), Memory Management, Memory space handling, Memory-mapped files, NumPy Arrays, Overloaded Methods**, Overloading methods, Testing, Testing (`assert_array_equal`), Testing frameworks (pytest), Type Checking Tools**, Type hinting, Type promotion, TypeVar, Typing Extensions, UFuncs, Vector-Matrix operations, Vectorization, Verifying the correctness of implemented features, Writing and debugging Python code"
27941,"Code documentation, Code modification, Code patching, Debugging, Error handling, Exception handling, Git, Pull Requests (PRs), Repository management, Testing frameworks (pytest), Testing**, Version control (Git)"
27942,"Version control (Git), Virtual environments"
27919,"README creation, Repository Management, Testing, Testing frameworks (pytest), Writing and maintaining technical documentation"
27919,"README creation, Repository Management, Testing, Testing frameworks (pytest), Writing and maintaining technical documentation"
27861,"Dependency management, Pull Request Submission, Python documentation generation, Python extension modules, Python packaging standards (PEP 517), Python programming language, Python testing frameworks, Python version (Python 2.7), Python version (Python 3.11), Python version management, Python virtual environments, Python**, Repository Management, Testing frameworks (pytest), Testing**, Version control (Git), Version control**"
27861,"Dependency management, Pull Request Submission, Python documentation generation, Python extension modules, Python packaging standards (PEP 517), Python programming language, Python testing frameworks, Python version (Python 2.7), Python version (Python 3.11), Python version management, Python virtual environments, Python**, Repository Management, Testing frameworks (pytest), Testing**, Version control (Git), Version control**"
27834,"Documentation updates, Importing modules, Pull Request Submission, Pull Requests (PRs)"
12348,"Vector-Matrix operations, Vectorization"
27825,"Build systems, CPU architecture, Compilation errors, Compiler flags, Compiler optimizations, Debugging, Memory management, Python version compatibility, Software development"
27500,"Array creation functions, AttributeError, Bug reporting, Python version management, Testing frameworks (pytest), __array_function__, ndarray subclasses, super().__array_function__"
27722,"Error handling, Exception handling, File handling, File operations, NumPy library, NumPy**, Pull Request Submission, Pull Requests (PRs), Python programming, Python programming language, Repository management, Testing, Testing frameworks (pytest), Version control (Git), Version management"
27622,"Python extension modules, Testing F2PY functionality, Version control (Git)"
27167,"Code documentation, Debugging issues related to memory allocation, Importing modules, NumPy library, NumPy library development, Python extension modules, Python testing frameworks, Testing (`assert_array_equal`), Testing and validation of numerical computations, Variable manipulation"
25799,"Debugging issues related to memory allocation, Error handling and debugging, Python programming, Python testing frameworks, Testing frameworks (pytest)"
2547,"Using Git for source code management, Using Git for version control, Using decorators for marking tests, Using libraries like NumPy, Using parameterized constants, Using tools like `cibuildwheel` for automated wheel building, Utilizing fixtures for testing, Writing Fortran modules, Writing and debugging Python code, Writing unit tests"
27697,"Compilation with meson, Compiler directives, Debugging, Error handling, Python documentation generation, Testing F2PY functionality"
26681,"Debugging issues related to memory allocation, Fortran modules, Handling exceptions, NumPy library, Python extension modules, Python programming, Testing and validation of numerical computations, Testing frameworks (pytest), Writing and debugging Python code"
27747,"Collaboration on code changes through pull requests, Pull Request Submission, Pull Requests (PRs), Review processes, Testing and validation of numerical computations, Testing frameworks (pytest), Version control (Git), Version management, Working with build tools and environments, Working with modules and submodules"
